{"loss": [1.409219741821289, 1.3595746755599976, 1.306147813796997, 1.2231398820877075, 1.1444692611694336, 1.0998919010162354, 1.0516984462738037, 1.0239042043685913, 1.0149307250976562, 0.9949598908424377, 0.9804534912109375, 0.9538339972496033, 0.940001368522644, 0.9087322950363159, 0.9144651293754578, 0.9044187068939209, 0.9123303294181824, 0.8813168406486511, 0.8488664627075195, 0.8383309245109558, 0.8246111869812012, 0.8322848677635193, 0.822890043258667, 0.810505747795105, 0.82633376121521, 0.818325936794281, 0.7831466794013977, 0.7866193652153015, 0.790675163269043, 0.7643071413040161, 0.7868090867996216, 0.7597967982292175, 0.754948079586029, 0.7536240220069885, 0.7522396445274353, 0.7527172565460205, 0.740205705165863, 0.7847800254821777, 0.7353417873382568, 0.7386852502822876, 0.7310213446617126, 0.7135888338088989, 0.7904730439186096, 0.7203090786933899, 0.7041655778884888, 0.7309545278549194, 0.6917336583137512, 0.6912202835083008, 0.7110494375228882, 0.6820271611213684, 0.6857641339302063, 0.701233446598053, 0.6844233870506287, 0.6627455949783325, 0.7135387659072876, 0.7064622044563293, 0.6855833530426025, 0.6750929355621338, 0.7017757296562195, 0.6842398047447205, 0.649965763092041, 0.6697142124176025, 0.6698390245437622, 0.6630818247795105, 0.661171555519104, 0.6555910110473633, 0.6374650001525879, 0.6404708027839661, 0.6549555063247681, 0.6836568713188171, 0.6466443538665771, 0.624530553817749, 0.6150299906730652, 0.6635650992393494, 0.643899142742157, 0.6336336135864258, 0.6418726444244385, 0.6434763073921204, 0.6351855397224426, 0.6587235927581787, 0.6408541202545166, 0.62908935546875, 0.6264744997024536, 0.6195754408836365, 0.6157514452934265, 0.6177151203155518, 0.6349617838859558, 0.5956743955612183, 0.628917396068573, 0.6116307377815247, 0.6083998680114746, 0.612032949924469, 0.6177510023117065, 0.6024213433265686, 0.6079675555229187, 0.6060723662376404, 0.5943691730499268, 0.5971184372901917, 0.5957579612731934, 0.5882723927497864], "accuracy": [0.2738839387893677, 0.3337053656578064, 0.39933034777641296, 0.4524553716182709, 0.4915178716182709, 0.5169642567634583, 0.5598214268684387, 0.5707589387893677, 0.5696428418159485, 0.5689732432365417, 0.5872767567634583, 0.5959821343421936, 0.6040178537368774, 0.6178571581840515, 0.6107142567634583, 0.6196428537368774, 0.6158482432365417, 0.6415178775787354, 0.6464285850524902, 0.6540178656578064, 0.6544643044471741, 0.6558035612106323, 0.6642857193946838, 0.6633928418159485, 0.6604910492897034, 0.660937488079071, 0.6767857074737549, 0.6801339387893677, 0.6752232313156128, 0.6859375238418579, 0.6703125238418579, 0.6924107074737549, 0.6986607313156128, 0.6930803656578064, 0.6975446343421936, 0.6941964030265808, 0.7017857432365417, 0.6799107193946838, 0.7104910612106323, 0.7033482193946838, 0.6995535492897034, 0.7111607193946838, 0.6743303537368774, 0.7160714268684387, 0.7209821343421936, 0.699999988079071, 0.7169643044471741, 0.7203124761581421, 0.7145089507102966, 0.7254464030265808, 0.7174107432365417, 0.714062511920929, 0.7205356955528259, 0.7261160612106323, 0.707812488079071, 0.7136160731315613, 0.7176339030265808, 0.7283481955528259, 0.7149553298950195, 0.721875011920929, 0.7328125238418579, 0.7232142686843872, 0.731249988079071, 0.7325893044471741, 0.7283481955528259, 0.739062488079071, 0.7417410612106323, 0.7473214268684387, 0.7404018044471741, 0.7241071462631226, 0.7410714030265808, 0.7515624761581421, 0.7533482313156128, 0.7283481955528259, 0.7412946224212646, 0.7479910850524902, 0.7368303537368774, 0.7323660850524902, 0.7399553656578064, 0.7350446581840515, 0.7446428537368774, 0.7473214268684387, 0.7462053298950195, 0.7495535612106323, 0.7551339268684387, 0.7540178298950195, 0.7388392686843872, 0.7600446343421936, 0.7464285492897034, 0.7535714507102966, 0.7571428418159485, 0.7479910850524902, 0.7508928775787354, 0.7569196224212646, 0.7589285969734192, 0.7589285969734192, 0.7613839507102966, 0.7658482193946838, 0.7555803656578064, 0.7669642567634583], "val_loss": [1.364463210105896, 1.3359838724136353, 1.2633659839630127, 1.1564940214157104, 1.0940755605697632, 1.027635931968689, 0.9978040456771851, 0.9712742567062378, 0.9658704400062561, 0.9980307221412659, 0.9298930764198303, 0.9333764314651489, 0.9029650092124939, 0.8739067912101746, 0.8623120188713074, 0.901803195476532, 0.8837354183197021, 0.8267612457275391, 0.8183767199516296, 0.8136254549026489, 0.8074081540107727, 0.785402774810791, 0.7928462028503418, 0.8501011729240417, 0.8421920537948608, 0.7725991606712341, 0.7550451159477234, 0.837455153465271, 0.7589806914329529, 0.7324730157852173, 0.7441650629043579, 0.7771794199943542, 0.7857691049575806, 0.7148978114128113, 0.7099186778068542, 0.7256505489349365, 0.7527421116828918, 0.8234462738037109, 0.7067980170249939, 0.7139402627944946, 0.7181655168533325, 0.7865287065505981, 0.7124052047729492, 0.686064600944519, 0.7069395780563354, 0.7028903961181641, 0.6784954071044922, 0.6803090572357178, 0.6839504241943359, 0.6899313926696777, 0.6685323119163513, 0.7120223641395569, 0.6689172387123108, 0.6807876229286194, 0.7531279921531677, 0.6785118579864502, 0.6565964818000793, 0.6980012655258179, 0.7125809788703918, 0.6502088904380798, 0.6560330986976624, 0.6516841053962708, 0.6609324216842651, 0.6788669228553772, 0.6443869471549988, 0.6359224319458008, 0.6445925831794739, 0.6376428008079529, 0.6709629893302917, 0.6563703417778015, 0.6307215094566345, 0.6574704647064209, 0.6341104507446289, 0.6383737921714783, 0.6875414848327637, 0.6483601927757263, 0.6736011505126953, 0.669994592666626, 0.6928308606147766, 0.6727617979049683, 0.6227310299873352, 0.610516369342804, 0.6602208614349365, 0.6296984553337097, 0.6103112101554871, 0.6113439798355103, 0.6252114176750183, 0.6172302961349487, 0.6024159789085388, 0.6169043779373169, 0.6567588448524475, 0.6046842932701111, 0.6079949140548706, 0.6039612293243408, 0.6096439957618713, 0.6078566908836365, 0.6180301308631897, 0.5876632928848267, 0.6144367456436157, 0.6626842021942139],