{"loss": [1.2128270864486694, 1.004250168800354, 0.8835322260856628, 0.8200981616973877, 0.7774630784988403, 0.7431454062461853, 0.7135642170906067, 0.6817916631698608, 0.6664661765098572, 0.657427191734314, 0.6293624043464661, 0.6203436255455017, 0.5979534983634949, 0.5935870409011841, 0.5826111435890198, 0.5790739059448242, 0.5608130693435669, 0.5604085326194763, 0.5413335561752319, 0.5437729954719543, 0.5150238275527954, 0.5158621072769165, 0.5066801905632019, 0.5095850229263306, 0.5105081796646118, 0.4883822798728943, 0.4688207805156708, 0.45761194825172424, 0.47026726603507996, 0.4515857398509979, 0.4397249221801758, 0.43240290880203247, 0.4538104236125946, 0.44355177879333496, 0.4339122474193573, 0.4002601206302643, 0.4138893783092499, 0.43054088950157166, 0.4085766673088074, 0.39468446373939514, 0.39245644211769104, 0.3826030492782593, 0.3736664950847626], "accuracy": [0.43504464626312256, 0.5587053298950195, 0.6305803656578064, 0.65625, 0.676562488079071, 0.6928571462631226, 0.7093750238418579, 0.7227678298950195, 0.7294642925262451, 0.7341517806053162, 0.7502232193946838, 0.7578125, 0.7689732313156128, 0.7607142925262451, 0.7723214030265808, 0.768750011920929, 0.7776785492897034, 0.7736607193946838, 0.7912946343421936, 0.7866071462631226, 0.7984374761581421, 0.7997767925262451, 0.7948660850524902, 0.7979910969734192, 0.7953125238418579, 0.8120535612106323, 0.8147321343421936, 0.8162946701049805, 0.8174107074737549, 0.8247767686843872, 0.8303571343421936, 0.8319196701049805, 0.8216517567634583, 0.8245535492897034, 0.8341518044471741, 0.8421875238418579, 0.8339285850524902, 0.8308035731315613, 0.8415178656578064, 0.8444196581840515, 0.8475446701049805, 0.8540178537368774, 0.8515625], "val_loss": [1.0431909561157227, 0.9059051871299744, 0.8226945400238037, 0.7983349561691284, 0.7869243621826172, 0.7234169840812683, 0.7160868048667908, 0.6857823729515076, 0.6775123476982117, 0.6734857559204102, 0.6500793695449829, 0.6596047282218933, 0.634715735912323, 0.6391754746437073, 0.630324125289917, 0.6709690093994141, 0.6270751953125, 0.620454728603363, 0.6756840348243713, 0.6255067586898804, 0.6133835315704346, 0.6283819675445557, 0.629790723323822, 0.6400756239891052, 0.6039522290229797, 0.601044774055481, 0.6093454957008362, 0.605315089225769, 0.6143147349357605, 0.5936801433563232, 0.6121482849121094, 0.5902841687202454, 0.5892910957336426, 0.649157702922821, 0.6130490899085999, 0.5930997729301453, 0.5957531929016113, 0.6269950270652771, 0.6116349101066589, 0.6114815473556519, 0.6158802509307861, 0.616156280040741, 0.6063453555107117], "val_accuracy": [0.5544642806053162, 0.6285714507102966, 0.6723214387893677, 0.6499999761581421, 0.6723214387893677, 0.7124999761581421, 0.7089285850524902, 0.7294642925262451, 0.7223214507102966, 0.7303571701049805, 0.7428571581840515, 0.7258928418159485, 0.7303571701049805, 0.7419642806053162, 0.7419642806053162, 0.7250000238418579, 0.7562500238418579, 0.7419642806053162, 0.7169643044471741, 0.7464285492897034, 0.7553571462631226, 0.7410714030265808, 0.7553571462631226, 0.7508928775787354, 0.7607142925262451, 0.7642857432365417, 0.7535714507102966, 0.7651785612106323, 0.7669642567634583, 0.7705357074737549, 0.7660714387893677, 0.7732142806053162, 0.7705357074737549, 0.7303571701049805, 0.7571428418159485, 0.7758928537368774, 0.78125, 0.7660714387893677, 0.7723214030265808, 0.7749999761581421, 0.7794643044471741, 0.7678571343421936, 0.7741071581840515]}