{"loss": [1.2850415706634521, 1.018704891204834, 0.8896357417106628, 0.8342633247375488, 0.8101089596748352, 0.7626181840896606, 0.7243291735649109, 0.6993180513381958, 0.6998642683029175, 0.6679116487503052, 0.6625404953956604, 0.6339758634567261, 0.6378389000892639, 0.6222042441368103, 0.6235874891281128, 0.6165438294410706, 0.6087786555290222, 0.5714044570922852, 0.5679932236671448, 0.562181830406189, 0.5536916255950928, 0.5497185587882996, 0.551724910736084, 0.5340474843978882, 0.5667123198509216, 0.530868411064148, 0.536774218082428, 0.501075029373169, 0.5237051248550415, 0.5064833760261536, 0.5145571827888489, 0.49659276008605957, 0.506462037563324, 0.4984641373157501, 0.4921483099460602, 0.48262858390808105, 0.4721229672431946, 0.4671730101108551, 0.4621683359146118, 0.4720514118671417, 0.45377132296562195, 0.4888821840286255, 0.45456254482269287, 0.44234102964401245, 0.44734013080596924, 0.4595888555049896, 0.430623859167099, 0.44712215662002563, 0.4211841821670532, 0.4334021806716919, 0.436970591545105, 0.421322226524353, 0.42729565501213074, 0.41332104802131653, 0.40607237815856934, 0.4269684851169586, 0.40319910645484924, 0.42943212389945984, 0.41026848554611206, 0.4095515310764313, 0.37762948870658875, 0.4089168906211853, 0.37671148777008057, 0.3850536346435547, 0.36968764662742615, 0.37704771757125854, 0.36766666173934937, 0.3725731074810028, 0.3724392354488373, 0.37735792994499207, 0.38743749260902405, 0.36987754702568054, 0.3534865379333496, 0.3728889226913452, 0.37075021862983704, 0.3696979880332947, 0.34686869382858276, 0.3408493995666504], "accuracy": [0.40044641494750977, 0.5810267925262451, 0.6256696581840515, 0.6575892567634583, 0.6669642925262451, 0.6848214268684387, 0.7055803537368774, 0.7196428775787354, 0.7176339030265808, 0.7283481955528259, 0.7325893044471741, 0.7433035969734192, 0.7446428537368774, 0.7495535612106323, 0.746874988079071, 0.7493303418159485, 0.7537946701049805, 0.7743303775787354, 0.7756696343421936, 0.7738839387893677, 0.7814732193946838, 0.7776785492897034, 0.7805803418159485, 0.7841517925262451, 0.7727678418159485, 0.7890625, 0.7877232432365417, 0.7984374761581421, 0.7904017567634583, 0.7991071343421936, 0.7939732074737549, 0.8055803775787354, 0.7964285612106323, 0.8037946224212646, 0.7995535731315613, 0.8046875, 0.815625011920929, 0.8136160969734192, 0.8205357193946838, 0.8122767806053162, 0.8191964030265808, 0.8037946224212646, 0.8122767806053162, 0.8241071701049805, 0.8183035850524902, 0.8227678537368774, 0.8310267925262451, 0.8194196224212646, 0.8366071581840515, 0.8258928656578064, 0.823437511920929, 0.8343750238418579, 0.8279017806053162, 0.8361607193946838, 0.840624988079071, 0.8267857432365417, 0.8419643044471741, 0.823437511920929, 0.8419643044471741, 0.8321428298950195, 0.8511160612106323, 0.8370535969734192, 0.8531249761581421, 0.8482142686843872, 0.8533481955528259, 0.854687511920929, 0.8542410731315613, 0.8529017567634583, 0.8479910492897034, 0.8473214507102966, 0.8466517925262451, 0.8564732074737549, 0.8642857074737549, 0.8479910492897034, 0.8560267686843872, 0.8582589030265808, 0.8604910969734192, 0.8651785850524902], "val_loss": [1.1053636074066162, 0.8985790014266968, 0.8197570443153381, 0.7964925765991211, 0.7514539957046509, 0.7304008603096008, 0.6967765092849731, 0.6808645129203796, 0.6806233525276184, 0.6478950381278992, 0.6296721696853638, 0.7045337557792664, 0.6100298166275024, 0.6168426275253296, 0.5863806009292603, 0.6371405124664307, 0.574776828289032, 0.5617585182189941, 0.6111311316490173, 0.5504916310310364, 0.5359532237052917, 0.6067673563957214, 0.5387840270996094, 0.5674735307693481, 0.5479620695114136, 0.5297287702560425, 0.5211747288703918, 0.5138407349586487, 0.4960017204284668, 0.5244045257568359, 0.49458062648773193, 0.5146964192390442, 0.49153846502304077, 0.4928250014781952, 0.5166809558868408, 0.47880008816719055, 0.49252188205718994, 0.47642430663108826, 0.489698201417923, 0.4951455295085907, 0.5575297474861145, 0.4537431299686432, 0.500725269317627, 0.4675794243812561, 0.4414099156856537, 0.4900095760822296, 0.4976210594177246, 0.46468085050582886, 0.4433116614818573, 0.4821872115135193, 0.4747104048728943, 0.4781778156757355, 0.4465073049068451, 0.48322033882141113, 0.413328617811203, 0.48868033289909363, 0.4570107161998749, 0.4831434488296509, 0.4555208683013916, 0.4300517439842224, 0.42144346237182617, 0.4181792438030243, 0.4069982171058655, 0.43363431096076965, 0.4276961088180542, 0.4240182042121887, 0.4153611361980438, 0.39134481549263, 0.4239031970500946, 0.41372838616371155, 0.4585006833076477, 0.4355814456939697, 0.4116555452346802, 0.42770248651504517, 0.408847838640213, 0.4019957184791565, 0.43243688344955444, 0.3929327726364136], "val_accuracy": [0.5776785612106323, 0.6330357193946838, 0.6535714268684387, 0.6776785850524902, 0.6848214268684387, 0.6937500238418579, 0.706250011920929, 0.7026785612106323, 0.6937500238418579, 0.71875, 0.7383928298950195, 0.7089285850524902, 0.7517856955528259, 0.737500011920929, 0.7544642686843872, 0.731249988079071, 0.7517856955528259, 0.7616071701049805, 0.7205356955528259, 0.7580357193946838, 0.7732142806053162, 0.7446428537368774, 0.7642857432365417, 0.7491071224212646, 0.7589285969734192, 0.7785714268684387, 0.7705357074737549, 0.7803571224212646, 0.7848214507102966, 0.7749999761581421, 0.7928571701049805, 0.7758928537368774, 0.7866071462631226, 0.78125, 0.7741071581840515, 0.800000011920929, 0.7901785969734192, 0.7991071343421936, 0.7883928418159485, 0.7875000238418579, 0.768750011920929, 0.8116071224212646, 0.7857142686843872, 0.793749988079071, 0.8169642686843872, 0.7946428656578064, 0.7883928418159485, 0.7964285612106323, 0.8089285492897034, 0.7892857193946838, 0.7946428656578064, 0.7964285612106323, 0.8035714030265808, 0.8044642806053162, 0.8214285969734192, 0.7883928418159485, 0.7928571701049805, 0.7821428775787354, 0.8080357313156128, 0.8116071224212646, 0.8142856955528259, 0.824999988079071, 0.8142856955528259, 0.8151785731315613, 0.8151785731315613, 0.8142856955528259, 0.8169642686843872, 0.8339285850524902, 0.8142856955528259, 0.8232142925262451, 0.8089285492897034, 0.8151785731315613, 0.8160714507102966, 0.8160714507102966, 0.831250011920929, 0.8303571343421936, 0.8053571581840515, 0.824999988079071]}