{"loss": [1.2072806358337402, 0.9542245268821716, 0.8224032521247864, 0.753657877445221, 0.712563157081604, 0.6612728834152222, 0.6349109411239624, 0.6145892143249512, 0.5912168025970459, 0.5915510654449463, 0.5662268400192261, 0.5424121022224426, 0.5151329040527344, 0.5051102042198181, 0.5068272352218628, 0.49514466524124146, 0.509450376033783, 0.47640320658683777, 0.4515569508075714, 0.43876275420188904, 0.4327424168586731, 0.42062655091285706, 0.4167773723602295, 0.4057229161262512, 0.42208996415138245, 0.40942704677581787, 0.3881390690803528, 0.375812292098999, 0.3857741355895996, 0.39687880873680115, 0.3550260066986084, 0.36017149686813354, 0.34528061747550964, 0.35937729477882385, 0.3318842649459839, 0.3166814148426056, 0.3187052011489868, 0.32685622572898865, 0.3133760988712311, 0.2983323931694031, 0.29323244094848633, 0.2919711470603943, 0.28704795241355896, 0.29921236634254456, 0.2810390591621399, 0.28667405247688293, 0.2587248384952545, 0.2648695707321167, 0.2511374056339264, 0.2611652612686157], "accuracy": [0.44441965222358704, 0.6066964268684387, 0.6785714030265808, 0.7024553418159485, 0.71875, 0.7381696701049805, 0.7482143044471741, 0.7542410492897034, 0.7629464268684387, 0.7622767686843872, 0.7725446224212646, 0.7825892567634583, 0.7941964268684387, 0.7984374761581421, 0.7957589030265808, 0.8013392686843872, 0.7939732074737549, 0.8127232193946838, 0.8223214149475098, 0.8218749761581421, 0.8276785612106323, 0.8296874761581421, 0.8287946581840515, 0.8408482074737549, 0.8316964507102966, 0.8339285850524902, 0.8430803418159485, 0.8587053418159485, 0.8486607074737549, 0.8397321701049805, 0.8633928298950195, 0.8600446581840515, 0.8658482432365417, 0.8571428656578064, 0.8716517686843872, 0.8803571462631226, 0.8763392567634583, 0.871874988079071, 0.8808035850524902, 0.8866071701049805, 0.887499988079071, 0.8825892806053162, 0.8883928656578064, 0.8823660612106323, 0.8924106955528259, 0.890625, 0.9022321701049805, 0.895312488079071, 0.9024553298950195, 0.9004464149475098], "val_loss": [1.0298327207565308, 0.8724436163902283, 0.7830479145050049, 0.7514368295669556, 0.6887443661689758, 0.6463479399681091, 0.67933189868927, 0.6027293801307678, 0.6248495578765869, 0.5908539295196533, 0.5852258205413818, 0.5679619908332825, 0.5486888289451599, 0.558347225189209, 0.5752232670783997, 0.5780375599861145, 0.5466787815093994, 0.5195691585540771, 0.5206419825553894, 0.5333130955696106, 0.48304590582847595, 0.4983249008655548, 0.49540913105010986, 0.517153263092041, 0.5259878635406494, 0.4773818552494049, 0.5169680714607239, 0.4766109883785248, 0.5365203022956848, 0.4686778485774994, 0.4849722683429718, 0.4608374536037445, 0.4759742319583893, 0.526651918888092, 0.4936085343360901, 0.5056689381599426, 0.47730788588523865, 0.5035635828971863, 0.5195766091346741, 0.45373475551605225, 0.46789664030075073, 0.4570806324481964, 0.4899006485939026, 0.5211445689201355, 0.48344218730926514, 0.466339647769928, 0.4921298027038574, 0.5035857558250427, 0.4967481791973114, 0.5177472233772278], "val_accuracy": [0.5428571701049805, 0.6544643044471741, 0.6741071343421936, 0.6785714030265808, 0.7080357074737549, 0.7267857193946838, 0.7044642567634583, 0.7330357432365417, 0.7258928418159485, 0.7437499761581421, 0.7607142925262451, 0.7544642686843872, 0.7678571343421936, 0.768750011920929, 0.7660714387893677, 0.7580357193946838, 0.7660714387893677, 0.7803571224212646, 0.7901785969734192, 0.7803571224212646, 0.800000011920929, 0.8026785850524902, 0.7875000238418579, 0.7919642925262451, 0.7785714268684387, 0.8008928298950195, 0.7821428775787354, 0.8035714030265808, 0.7955357432365417, 0.8133928775787354, 0.8080357313156128, 0.8116071224212646, 0.8107143044471741, 0.7982142567634583, 0.8089285492897034, 0.8053571581840515, 0.8098214268684387, 0.8080357313156128, 0.8062499761581421, 0.8232142925262451, 0.8178571462631226, 0.8205357193946838, 0.8062499761581421, 0.8071428537368774, 0.8125, 0.8258928656578064, 0.8133928775787354, 0.8187500238418579, 0.8294642567634583, 0.8169642686843872]}