{"loss": [1.285374402999878, 1.0189714431762695, 0.8877958655357361, 0.8335545659065247, 0.8115549087524414, 0.7599535584449768, 0.7191498279571533, 0.6946514844894409, 0.6952569484710693, 0.6622495651245117, 0.6480986475944519, 0.6317935585975647, 0.6285712718963623, 0.6155683994293213, 0.6184510588645935, 0.6081347465515137, 0.6003009676933289, 0.5680215954780579, 0.5645418167114258, 0.5555945634841919, 0.5455628633499146, 0.5411282181739807, 0.5431804656982422, 0.5295637249946594, 0.5463701486587524, 0.5277478098869324, 0.5408167243003845, 0.5035961866378784, 0.509850263595581, 0.4989902973175049, 0.5121777057647705, 0.48813924193382263, 0.4998112916946411, 0.4918854832649231, 0.4830763638019562, 0.47128573060035706, 0.46522173285484314, 0.45947179198265076, 0.45782753825187683, 0.4671997129917145, 0.45354798436164856, 0.48000335693359375, 0.44857674837112427, 0.4428478181362152, 0.4371458888053894, 0.44863831996917725, 0.42904993891716003, 0.4426572024822235, 0.41192832589149475, 0.4262183606624603, 0.4321903884410858, 0.4188450574874878, 0.42060309648513794, 0.4182010591030121, 0.4128333330154419, 0.4133470356464386, 0.4060964286327362, 0.4376541078090668, 0.4044997990131378, 0.41178685426712036, 0.38246646523475647, 0.4034411311149597, 0.3757888674736023, 0.38543471693992615, 0.36678892374038696, 0.37914976477622986, 0.3804797828197479, 0.365521103143692, 0.36761561036109924, 0.3667558431625366, 0.3983292579650879, 0.3929503560066223, 0.36959168314933777, 0.38424381613731384, 0.35470086336135864, 0.36080628633499146, 0.35415178537368774, 0.33936163783073425, 0.33205780386924744, 0.36293673515319824, 0.35950106382369995, 0.36611562967300415, 0.3384101390838623, 0.3373146653175354, 0.34196144342422485, 0.32771915197372437, 0.336067795753479, 0.32818108797073364, 0.3291458189487457, 0.3217114806175232, 0.3272247016429901, 0.3193298876285553, 0.36232128739356995, 0.33009281754493713, 0.33099865913391113, 0.3130836486816406, 0.3139694631099701, 0.3150208294391632, 0.3064565360546112, 0.31467509269714355], "accuracy": [0.4022321403026581, 0.5805803537368774, 0.6236607432365417, 0.6540178656578064, 0.6707589030265808, 0.6879464387893677, 0.7044642567634583, 0.7207589149475098, 0.7238839268684387, 0.7299107313156128, 0.7412946224212646, 0.7446428537368774, 0.7497767806053162, 0.75, 0.7486607432365417, 0.7537946701049805, 0.7587053775787354, 0.7734375, 0.7749999761581421, 0.7745535969734192, 0.7852678298950195, 0.7823660969734192, 0.7841517925262451, 0.7837053537368774, 0.7799107432365417, 0.7910714149475098, 0.7832589149475098, 0.7933035492897034, 0.7928571701049805, 0.8017857074737549, 0.7877232432365417, 0.8104910850524902, 0.8006696701049805, 0.8053571581840515, 0.8058035969734192, 0.8098214268684387, 0.8183035850524902, 0.8167410492897034, 0.8236607313156128, 0.8160714507102966, 0.817187488079071, 0.8080357313156128, 0.8120535612106323, 0.8270089030265808, 0.8236607313156128, 0.8238839507102966, 0.8332589268684387, 0.8220981955528259, 0.8408482074737549, 0.8316964507102966, 0.8279017806053162, 0.8361607193946838, 0.8348214030265808, 0.8363839387893677, 0.8345982432365417, 0.8337053656578064, 0.8395089507102966, 0.8198660612106323, 0.8428571224212646, 0.8386160731315613, 0.8524553775787354, 0.8366071581840515, 0.8587053418159485, 0.8493303656578064, 0.8542410731315613, 0.8482142686843872, 0.8502232432365417, 0.8584821224212646, 0.8526785969734192, 0.8591517806053162, 0.8386160731315613, 0.8415178656578064, 0.854687511920929, 0.8466517925262451, 0.8654018044471741, 0.8573660850524902, 0.8591517806053162, 0.8645089268684387, 0.8680803775787354, 0.8560267686843872, 0.8598214387893677, 0.8506696224212646, 0.8691964149475098, 0.8674107193946838, 0.8622767925262451, 0.8725446462631226, 0.8709821701049805, 0.8709821701049805, 0.8683035969734192, 0.8758928775787354, 0.870312511920929, 0.875, 0.8513392806053162, 0.8647321462631226, 0.8729910850524902, 0.875, 0.8763392567634583, 0.8716517686843872, 0.8810268044471741, 0.8743303418159485], "val_loss": [1.1044807434082031, 0.8988600373268127, 0.8198637962341309, 0.8030816316604614, 0.7508860230445862, 0.7260339260101318, 0.6910507082939148, 0.6801101565361023, 0.6751569509506226, 0.6487317085266113, 0.6147860884666443, 0.6966274380683899, 0.599646270275116, 0.6064192652702332, 0.5748372673988342, 0.6145998239517212, 0.5681265592575073, 0.5473424792289734, 0.5881417989730835, 0.5354465842247009, 0.5286429524421692, 0.557239830493927, 0.5225536823272705, 0.5510693788528442, 0.5196650624275208, 0.5433791875839233, 0.525856077671051, 0.4983351528644562, 0.48603129386901855, 0.507655680179596, 0.48183169960975647, 0.4825609624385834, 0.4880748689174652, 0.48977819085121155, 0.5078258514404297, 0.4648909866809845, 0.48036494851112366, 0.46387165784835815, 0.48125791549682617, 0.48866522312164307, 0.5289399027824402, 0.4449406564235687, 0.4763764441013336, 0.46963173151016235, 0.42924609780311584, 0.474397212266922, 0.5109012722969055, 0.44207412004470825, 0.4434017539024353, 0.45497238636016846, 0.45017603039741516, 0.46134987473487854, 0.4424472451210022, 0.47536101937294006, 0.42620614171028137, 0.4950025975704193, 0.464850515127182, 0.4377578794956207, 0.45039626955986023, 0.4200379252433777, 0.4197417199611664, 0.4129886329174042, 0.4069553017616272, 0.42166048288345337, 0.4154462516307831, 0.43480098247528076, 0.41465693712234497, 0.39328739047050476, 0.4006413221359253, 0.40201297402381897, 0.4656028747558594, 0.42077016830444336, 0.4413171410560608, 0.4335007965564728, 0.4063035547733307, 0.3924875557422638, 0.43240055441856384, 0.39053526520729065, 0.4543739855289459, 0.4141177535057068, 0.4829796850681305, 0.39792078733444214, 0.426259845495224, 0.42185378074645996, 0.39536893367767334, 0.39827099442481995, 0.38650229573249817, 0.42181363701820374, 0.39083534479141235, 0.38302725553512573, 0.4038945734500885, 0.3868959844112396, 0.41063758730888367, 0.4036785662174225, 0.38428714871406555, 0.41143813729286194, 0.3738633692264557, 0.3856278359889984, 0.3797703981399536, 0.3875703513622284],