{"loss": [1.4138301610946655, 1.3787282705307007, 1.361778736114502, 1.3188910484313965, 1.2550660371780396, 1.1793606281280518, 1.1130250692367554, 1.0664443969726562, 1.0368849039077759, 1.0303118228912354, 1.0034157037734985, 1.0198335647583008, 0.989802896976471, 0.975739061832428, 0.9947722554206848, 0.965836226940155, 0.958378255367279, 0.947752833366394, 0.9735612869262695, 0.9535506963729858, 0.9417099952697754, 0.950485348701477, 0.9418089985847473, 0.9372937679290771, 0.9417384266853333, 0.9344040155410767, 0.9106861352920532, 0.9265154004096985, 0.9306300282478333, 0.9124051928520203, 0.905101478099823, 0.9061195850372314, 0.900934636592865, 0.9105883240699768, 0.9024662971496582, 0.8870008587837219, 0.906221866607666, 0.9215644598007202, 0.9058133363723755, 0.912257969379425, 0.887444019317627, 0.8751589059829712, 0.8729948401451111, 0.8793897032737732, 0.8878663182258606, 0.8559099435806274, 0.8352469801902771, 0.8625826835632324, 0.8613746762275696, 0.8398631811141968, 0.8667581677436829, 0.8535463213920593, 0.8593632578849792, 0.8432154059410095, 0.8430384397506714, 0.8283527493476868, 0.8531145453453064], "accuracy": [0.26584821939468384, 0.29441964626312256, 0.3270089328289032, 0.39084821939468384, 0.4453125, 0.5006696581840515, 0.5446428656578064, 0.5551339387893677, 0.565625011920929, 0.5647321343421936, 0.5799106955528259, 0.5651785731315613, 0.5832589268684387, 0.5872767567634583, 0.5790178775787354, 0.5973214507102966, 0.5970982313156128, 0.6031249761581421, 0.5908482074737549, 0.5991071462631226, 0.6102678775787354, 0.6049107313156128, 0.6026785969734192, 0.6098214387893677, 0.6075893044471741, 0.6095982193946838, 0.6229910850524902, 0.6113839149475098, 0.612500011920929, 0.6154018044471741, 0.6205357313156128, 0.6238839030265808, 0.6196428537368774, 0.6234375238418579, 0.6287946701049805, 0.6339285969734192, 0.6234375238418579, 0.6196428537368774, 0.6216517686843872, 0.6212053298950195, 0.6390625238418579, 0.6339285969734192, 0.6372767686843872, 0.637499988079071, 0.6334821581840515, 0.6504464149475098, 0.6582589149475098, 0.6468750238418579, 0.6410714387893677, 0.6558035612106323, 0.640625, 0.6484375, 0.6504464149475098, 0.6584821343421936, 0.6441964507102966, 0.6571428775787354, 0.653124988079071], "val_loss": [1.3754191398620605, 1.365474820137024, 1.3381439447402954, 1.2682385444641113, 1.1854147911071777, 1.1217398643493652, 1.0759681463241577, 1.011834740638733, 1.0178911685943604, 1.0082744359970093, 0.9957667589187622, 1.0186465978622437, 0.9670049548149109, 1.0400153398513794, 0.9456079602241516, 0.9723752737045288, 0.9338141083717346, 0.9325478672981262, 0.9272981882095337, 0.9807584285736084, 0.9529634714126587, 0.9278730154037476, 0.949678361415863, 0.9606925845146179, 0.9305014610290527, 0.914769172668457, 0.9203531742095947, 0.9284128546714783, 0.9115497469902039, 0.9851291179656982, 0.8843773007392883, 0.9091781973838806, 0.8805591464042664, 0.884884774684906, 0.8686596751213074, 0.9184796214103699, 0.8734927773475647, 0.9079911112785339, 0.9294353127479553, 0.9322884678840637, 0.8460257649421692, 0.9499356150627136, 0.8483807444572449, 0.9126537442207336, 0.8858514428138733, 0.8364235758781433, 0.8205689787864685, 0.9154382944107056, 0.823329508304596, 0.8315480947494507, 0.8534574508666992, 0.9265978932380676, 0.8479204177856445, 0.846885085105896, 0.8220377564430237, 0.8650757670402527, 0.8421238660812378], "val_accuracy": [0.3348214328289032, 0.33392858505249023, 0.3544642925262451, 0.53125, 0.5625, 0.5785714387893677, 0.5633928775787354, 0.5982142686843872, 0.5964285731315613, 0.5803571343421936, 0.6017857193946838, 0.5723214149475098, 0.5848214030265808, 0.5723214149475098, 0.6187499761581421, 0.5785714387893677, 0.6071428656578064, 0.6053571701049805, 0.6169642806053162, 0.6080357432365417, 0.6205357313156128, 0.6223214268684387, 0.5955356955528259, 0.6008928418159485, 0.612500011920929, 0.6357142925262451, 0.6017857193946838, 0.6187499761581421, 0.6383928656578064, 0.5955356955528259, 0.6303571462631226, 0.6214285492897034, 0.6223214268684387, 0.6267856955528259, 0.6312500238418579, 0.6196428537368774, 0.6276785731315613, 0.6196428537368774, 0.5883928537368774, 0.5964285731315613, 0.6446428298950195, 0.612500011920929, 0.6482142806053162, 0.6214285492897034, 0.6303571462631226, 0.6633928418159485, 0.6499999761581421, 0.6223214268684387, 0.6499999761581421, 0.6508928537368774, 0.6392857432365417, 0.6116071343421936, 0.6598214507102966, 0.6598214507102966, 0.6696428656578064, 0.6357142925262451, 0.6401785612106323]}