{"loss": [1.278209924697876, 1.0366392135620117, 0.9184600710868835, 0.8642933964729309, 0.8296409845352173, 0.7865709662437439, 0.7294213771820068, 0.7140488624572754, 0.6981841325759888, 0.680084764957428, 0.6704064011573792, 0.6326013207435608, 0.6346575021743774, 0.6183602213859558, 0.6233183741569519, 0.6019458770751953, 0.5974377393722534, 0.5649601221084595, 0.5700669884681702, 0.5506842136383057, 0.538804292678833, 0.5398944020271301, 0.542106032371521, 0.524819016456604, 0.5306801199913025, 0.5416975617408752, 0.5515763759613037, 0.5003132820129395, 0.500186026096344, 0.5015645623207092, 0.4869043529033661, 0.4959509074687958, 0.5017601251602173, 0.49011024832725525, 0.49783429503440857, 0.49465659260749817, 0.48321717977523804, 0.4966081976890564, 0.4684714078903198, 0.4564945697784424, 0.4491652548313141, 0.45891499519348145, 0.4612182676792145, 0.462926983833313, 0.46100643277168274, 0.4705734848976135, 0.43832147121429443, 0.45226994156837463, 0.4462754726409912], "accuracy": [0.4022321403026581, 0.5685268044471741, 0.6191964149475098, 0.6462053656578064, 0.6665178537368774, 0.6774553656578064, 0.7120535969734192, 0.7142857313156128, 0.721875011920929, 0.7281249761581421, 0.7350446581840515, 0.7479910850524902, 0.7464285492897034, 0.7520089149475098, 0.7482143044471741, 0.7575892806053162, 0.7631696462631226, 0.7832589149475098, 0.7741071581840515, 0.7803571224212646, 0.7875000238418579, 0.7837053537368774, 0.7816964387893677, 0.7908481955528259, 0.7895089387893677, 0.7872768044471741, 0.7841517925262451, 0.8035714030265808, 0.7984374761581421, 0.8002232313156128, 0.8109375238418579, 0.8064731955528259, 0.8002232313156128, 0.8055803775787354, 0.7977678775787354, 0.8033482432365417, 0.8046875, 0.8044642806053162, 0.8174107074737549, 0.817187488079071, 0.8258928656578064, 0.8241071701049805, 0.8165178298950195, 0.8138392567634583, 0.8162946701049805, 0.809374988079071, 0.8232142925262451, 0.8158482313156128, 0.8187500238418579], "val_loss": [1.1048473119735718, 0.9417517781257629, 0.8520779609680176, 0.8187671303749084, 0.7682557106018066, 0.7349687218666077, 0.7109432816505432, 0.6760144233703613, 0.7205307483673096, 0.6835265159606934, 0.6205410361289978, 0.6808211207389832, 0.641564667224884, 0.6351056098937988, 0.5869566202163696, 0.6313158869743347, 0.5703421831130981, 0.5564545392990112, 0.5788753032684326, 0.5435190200805664, 0.5726317167282104, 0.5795880556106567, 0.5319398641586304, 0.5355111360549927, 0.5627813339233398, 0.5717119574546814, 0.5102274417877197, 0.515505850315094, 0.5019568204879761, 0.5078673362731934, 0.50562584400177, 0.5201160907745361, 0.4923211634159088, 0.5227199792861938, 0.5235784649848938, 0.5045588612556458, 0.533047080039978, 0.48714447021484375, 0.475831001996994, 0.5248061418533325, 0.5261011123657227, 0.48472943902015686, 0.48000216484069824, 0.47608837485313416, 0.5018880367279053, 0.504462718963623, 0.49075645208358765, 0.5255225300788879, 0.49477043747901917], "val_accuracy": [0.5821428298950195, 0.6035714149475098, 0.6491071581840515, 0.6571428775787354, 0.6857143044471741, 0.6910714507102966, 0.7044642567634583, 0.7303571701049805, 0.6660714149475098, 0.7133928537368774, 0.7491071224212646, 0.7250000238418579, 0.7294642925262451, 0.7419642806053162, 0.7571428418159485, 0.731249988079071, 0.7678571343421936, 0.7723214030265808, 0.7580357193946838, 0.768750011920929, 0.7589285969734192, 0.7607142925262451, 0.7776785492897034, 0.7821428775787354, 0.7696428298950195, 0.7553571462631226, 0.7964285612106323, 0.7875000238418579, 0.7946428656578064, 0.7830356955528259, 0.7892857193946838, 0.7776785492897034, 0.8017857074737549, 0.7767857313156128, 0.7821428775787354, 0.7910714149475098, 0.7803571224212646, 0.800000011920929, 0.8080357313156128, 0.7821428775787354, 0.7955357432365417, 0.8035714030265808, 0.7973214387893677, 0.8062499761581421, 0.7875000238418579, 0.7892857193946838, 0.7964285612106323, 0.7732142806053162, 0.7955357432365417]}