{"loss": [1.0181546211242676, 0.672203004360199, 0.5640032291412354, 0.5128057599067688, 0.46710875630378723, 0.43293800950050354, 0.39765310287475586, 0.3704977035522461, 0.34077873826026917, 0.3327588438987732, 0.3121245801448822, 0.29235681891441345, 0.28659331798553467, 0.2700899541378021, 0.2602086067199707, 0.24581176042556763, 0.22877897322177887, 0.2345973402261734, 0.21285080909729004, 0.19171451032161713, 0.1881270408630371, 0.19187824428081512, 0.18532933294773102, 0.18459534645080566, 0.16069184243679047, 0.15100890398025513, 0.16502352058887482, 0.13699567317962646], "accuracy": [0.5857142806053162, 0.7339285612106323, 0.7834821343421936, 0.796875, 0.8185268044471741, 0.8310267925262451, 0.848437488079071, 0.8629464507102966, 0.8698660731315613, 0.8687499761581421, 0.8799107074737549, 0.8881696462631226, 0.890625, 0.8964285850524902, 0.8991071581840515, 0.901562511920929, 0.9118303656578064, 0.9024553298950195, 0.9165178537368774, 0.9252232313156128, 0.9261160492897034, 0.9232142567634583, 0.9279018044471741, 0.926562488079071, 0.9399553537368774, 0.9410714507102966, 0.9357143044471741, 0.9468749761581421], "val_loss": [0.7152267694473267, 0.6002327799797058, 0.5467296838760376, 0.5314470529556274, 0.48394808173179626, 0.45491376519203186, 0.4362492859363556, 0.41904884576797485, 0.4096519351005554, 0.3921816051006317, 0.38386788964271545, 0.38318705558776855, 0.3656843602657318, 0.3524322509765625, 0.3903428316116333, 0.3411118984222412, 0.3512518107891083, 0.3349117934703827, 0.3570641279220581, 0.3711535632610321, 0.35543665289878845, 0.34929928183555603, 0.35240158438682556, 0.36512136459350586, 0.34305688738822937, 0.3706611096858978, 0.33636045455932617, 0.3477047383785248], "val_accuracy": [0.7107142806053162, 0.7651785612106323, 0.7839285731315613, 0.7776785492897034, 0.8089285492897034, 0.8267857432365417, 0.8321428298950195, 0.8321428298950195, 0.8428571224212646, 0.8428571224212646, 0.8392857313156128, 0.8473214507102966, 0.8500000238418579, 0.8553571701049805, 0.84375, 0.8553571701049805, 0.8580357432365417, 0.8607142567634583, 0.8598214387893677, 0.8616071343421936, 0.8544642925262451, 0.8705357313156128, 0.8642857074737549, 0.8580357432365417, 0.8732143044471741, 0.8678571581840515, 0.8741071224212646, 0.8776785731315613]}