{"loss": [1.132381558418274, 0.7756208777427673, 0.6515294909477234, 0.5723764300346375, 0.5223339796066284, 0.4914398193359375, 0.44396868348121643, 0.42075276374816895, 0.4053964614868164, 0.38209548592567444, 0.3633906841278076, 0.34576520323753357, 0.32182303071022034, 0.31296050548553467, 0.29854604601860046, 0.2933609187602997, 0.2806299924850464, 0.2769663631916046, 0.2633765935897827, 0.24267278611660004, 0.24082519114017487, 0.2474646121263504, 0.2269936501979828, 0.24585604667663574, 0.23266743123531342, 0.20707249641418457, 0.20505863428115845, 0.18936841189861298, 0.18496288359165192, 0.1898251324892044, 0.1754932701587677, 0.16632220149040222, 0.18722964823246002, 0.16698993742465973, 0.15844009816646576, 0.15457914769649506, 0.1533597856760025, 0.15897314250469208, 0.1453647017478943, 0.15539570152759552, 0.1565430760383606, 0.1392534077167511, 0.15398059785366058, 0.13211502134799957, 0.1160396859049797, 0.13038544356822968, 0.13190288841724396, 0.12231984734535217, 0.11811233311891556, 0.13014815747737885, 0.13159169256687164], "accuracy": [0.5098214149475098, 0.6861607432365417, 0.7359374761581421, 0.7718750238418579, 0.7895089387893677, 0.8136160969734192, 0.8247767686843872, 0.8350446224212646, 0.8399553298950195, 0.848437488079071, 0.8560267686843872, 0.8712053298950195, 0.879687488079071, 0.8790178298950195, 0.8834821581840515, 0.8866071701049805, 0.8908482193946838, 0.9008928537368774, 0.9049107432365417, 0.9089285731315613, 0.9129464030265808, 0.9104910492897034, 0.9189732074737549, 0.9049107432365417, 0.9129464030265808, 0.9223214387893677, 0.9245535731315613, 0.9352678656578064, 0.9339285492897034, 0.9314731955528259, 0.9363839030265808, 0.9417410492897034, 0.9290178418159485, 0.9388392567634583, 0.9446428418159485, 0.9433035850524902, 0.9437500238418579, 0.9408482313156128, 0.9482142925262451, 0.9439732432365417, 0.942187488079071, 0.9493303298950195, 0.9404017925262451, 0.9537946581840515, 0.9627231955528259, 0.948437511920929, 0.9517857432365417, 0.9535714387893677, 0.9573660492897034, 0.9497767686843872, 0.9486607313156128], "val_loss": [0.8372594714164734, 0.672688901424408, 0.5899831652641296, 0.552476704120636, 0.5527405142784119, 0.46781447529792786, 0.438274085521698, 0.42903342843055725, 0.4380633234977722, 0.4365823268890381, 0.3850569725036621, 0.3812546133995056, 0.36413732171058655, 0.37383878231048584, 0.3490825891494751, 0.3382032811641693, 0.36288145184516907, 0.31587257981300354, 0.32437533140182495, 0.3418421745300293, 0.33980321884155273, 0.30010080337524414, 0.33548226952552795, 0.36323848366737366, 0.3467782139778137, 0.28988125920295715, 0.3065832853317261, 0.28812500834465027, 0.3255358636379242, 0.3027527630329132, 0.2831845283508301, 0.2819729149341583, 0.32779499888420105, 0.28313982486724854, 0.29976001381874084, 0.3036535680294037, 0.328127384185791, 0.30731844902038574, 0.29655471444129944, 0.2886325418949127, 0.26842084527015686, 0.35782721638679504, 0.3444391191005707, 0.2952164113521576, 0.2780967950820923, 0.30869990587234497, 0.2933890223503113, 0.29097166657447815, 0.29830795526504517, 0.3556339740753174, 0.32633888721466064], "val_accuracy": [0.6553571224212646, 0.7232142686843872, 0.7535714507102966, 0.7776785492897034, 0.7642857432365417, 0.8044642806053162, 0.8116071224212646, 0.8232142925262451, 0.8080357313156128, 0.8205357193946838, 0.8410714268684387, 0.8410714268684387, 0.8553571701049805, 0.8455356955528259, 0.862500011920929, 0.8633928298950195, 0.856249988079071, 0.8758928775787354, 0.8803571462631226, 0.8669642806053162, 0.8803571462631226, 0.8848214149475098, 0.8553571701049805, 0.8607142567634583, 0.8758928775787354, 0.8946428298950195, 0.8848214149475098, 0.8910714387893677, 0.8803571462631226, 0.887499988079071, 0.8982142806053162, 0.8991071581840515, 0.887499988079071, 0.9080356955528259, 0.8919642567634583, 0.8982142806053162, 0.8830357193946838, 0.8999999761581421, 0.8999999761581421, 0.8946428298950195, 0.9071428775787354, 0.8767856955528259, 0.8687499761581421, 0.9133928418159485, 0.9107142686843872, 0.9008928537368774, 0.9098214507102966, 0.9035714268684387, 0.9044643044471741, 0.8821428418159485, 0.8928571343421936]}