{"loss": [1.1047104597091675, 0.8113264441490173, 0.7277349829673767, 0.66266268491745, 0.6295897364616394, 0.5982300043106079, 0.5669102072715759, 0.5400692224502563, 0.5182653665542603, 0.4990593492984772, 0.4759885370731354, 0.47180208563804626, 0.45681098103523254, 0.443086713552475, 0.4163338541984558, 0.39827054738998413, 0.39530742168426514, 0.374897301197052, 0.3565061390399933, 0.35024282336235046, 0.35115206241607666, 0.34910595417022705, 0.31373247504234314, 0.30664679408073425, 0.28886595368385315, 0.2898142635822296, 0.28085818886756897, 0.25406304001808167, 0.24207976460456848, 0.23457352817058563, 0.21520495414733887, 0.21834351122379303, 0.2313116043806076, 0.2045099437236786, 0.21053621172904968, 0.1965702623128891, 0.1812601387500763], "accuracy": [0.5337053537368774, 0.6767857074737549, 0.7127231955528259, 0.7345982193946838, 0.7529017925262451, 0.7627232074737549, 0.776562511920929, 0.7821428775787354, 0.7966517806053162, 0.8024553656578064, 0.8180803656578064, 0.8151785731315613, 0.8247767686843872, 0.8292410969734192, 0.8397321701049805, 0.8479910492897034, 0.8428571224212646, 0.8517857193946838, 0.8607142567634583, 0.8642857074737549, 0.8613839149475098, 0.8642857074737549, 0.8823660612106323, 0.8792410492897034, 0.8915178775787354, 0.8857142925262451, 0.8944196701049805, 0.9053571224212646, 0.909375011920929, 0.9089285731315613, 0.9169642925262451, 0.9183035492897034, 0.9064732193946838, 0.9254464507102966, 0.9169642925262451, 0.9212053418159485, 0.9332589507102966], "val_loss": [0.8640240430831909, 0.7634947896003723, 0.7032078504562378, 0.6508181095123291, 0.6183979511260986, 0.5932785272598267, 0.5802121758460999, 0.5712659358978271, 0.5543298721313477, 0.5567108988761902, 0.5393965840339661, 0.539780855178833, 0.5342267751693726, 0.5221925973892212, 0.5118207931518555, 0.5117922425270081, 0.5340843200683594, 0.4886317551136017, 0.4961841106414795, 0.5113961100578308, 0.5209311246871948, 0.514371931552887, 0.5214893221855164, 0.49880802631378174, 0.5035390853881836, 0.5010964274406433, 0.4861438274383545, 0.515268862247467, 0.5138415694236755, 0.505204975605011, 0.5141876339912415, 0.5237049460411072, 0.5393336415290833, 0.5832687020301819, 0.5740051865577698, 0.5211763381958008, 0.5272050499916077], "val_accuracy": [0.6598214507102966, 0.7089285850524902, 0.7196428775787354, 0.7392857074737549, 0.7562500238418579, 0.7571428418159485, 0.7642857432365417, 0.7669642567634583, 0.7785714268684387, 0.78125, 0.7875000238418579, 0.7839285731315613, 0.7875000238418579, 0.7830356955528259, 0.7982142567634583, 0.8035714030265808, 0.7839285731315613, 0.8044642806053162, 0.8125, 0.793749988079071, 0.7982142567634583, 0.8080357313156128, 0.8151785731315613, 0.8125, 0.8196428418159485, 0.8125, 0.8178571462631226, 0.8107143044471741, 0.8321428298950195, 0.8187500238418579, 0.8205357193946838, 0.8223214149475098, 0.8285714387893677, 0.8205357193946838, 0.8258928656578064, 0.8374999761581421, 0.8241071701049805]}