{"loss": [1.0595002174377441, 0.705744206905365, 0.5883039832115173, 0.5375725030899048, 0.48223069310188293, 0.441756933927536, 0.4034571051597595, 0.3814835250377655, 0.3612900674343109, 0.34877797961235046, 0.314677894115448, 0.29682934284210205, 0.2816832959651947, 0.272962749004364, 0.2503506541252136, 0.23372048139572144, 0.2242947369813919, 0.2291479855775833, 0.20082852244377136, 0.19723021984100342, 0.17897552251815796, 0.1956251710653305, 0.16168318688869476, 0.1694781482219696, 0.169969841837883, 0.14514552056789398, 0.14541324973106384, 0.13102982938289642, 0.13102827966213226, 0.12067926675081253, 0.11504263430833817, 0.11053910106420517, 0.1132984533905983, 0.10839984565973282, 0.10068605095148087, 0.10095096379518509, 0.09041082113981247, 0.08374142646789551, 0.08946028351783752, 0.10920511186122894], "accuracy": [0.5535714030265808, 0.7154017686843872, 0.762499988079071, 0.7845982313156128, 0.8071428537368774, 0.8305803537368774, 0.8417410850524902, 0.8560267686843872, 0.8566964268684387, 0.859375, 0.8801339268684387, 0.8863839507102966, 0.8959821462631226, 0.8979910612106323, 0.9046875238418579, 0.9118303656578064, 0.9178571701049805, 0.9113839268684387, 0.9261160492897034, 0.9261160492897034, 0.9308035969734192, 0.9254464507102966, 0.9412946701049805, 0.932812511920929, 0.9332589507102966, 0.9450892806053162, 0.9464285969734192, 0.9549106955528259, 0.9535714387893677, 0.9573660492897034, 0.9580357074737549, 0.9611607193946838, 0.9569196701049805, 0.9602678418159485, 0.9633928537368774, 0.9616071581840515, 0.9698660969734192, 0.9685267806053162, 0.9647321701049805, 0.9602678418159485], "val_loss": [0.7395815849304199, 0.6101150512695312, 0.5428683757781982, 0.508459746837616, 0.4598132073879242, 0.43060460686683655, 0.40212756395339966, 0.3919339179992676, 0.37915146350860596, 0.4129214286804199, 0.34816300868988037, 0.3348811864852905, 0.34185296297073364, 0.34920433163642883, 0.33333390951156616, 0.3358851969242096, 0.3224541246891022, 0.2957853376865387, 0.294345885515213, 0.29428189992904663, 0.30961960554122925, 0.28321778774261475, 0.32576778531074524, 0.3000413179397583, 0.29140138626098633, 0.27821558713912964, 0.3104093670845032, 0.2810383141040802, 0.2908998429775238, 0.2760058343410492, 0.29214295744895935, 0.28228381276130676, 0.2976605296134949, 0.28463441133499146, 0.27756649255752563, 0.281951367855072, 0.30036306381225586, 0.32843706011772156, 0.360659658908844, 0.35295557975769043], "val_accuracy": [0.6910714507102966, 0.7517856955528259, 0.7866071462631226, 0.7839285731315613, 0.8142856955528259, 0.8258928656578064, 0.8464285731315613, 0.8464285731315613, 0.8491071462631226, 0.8214285969734192, 0.8642857074737549, 0.8776785731315613, 0.8571428656578064, 0.8607142567634583, 0.8723214268684387, 0.8642857074737549, 0.8732143044471741, 0.8848214149475098, 0.8928571343421936, 0.8812500238418579, 0.8848214149475098, 0.8973214030265808, 0.8839285969734192, 0.8901785612106323, 0.8928571343421936, 0.8973214030265808, 0.8919642567634583, 0.90625, 0.8973214030265808, 0.9053571224212646, 0.9026785492897034, 0.9053571224212646, 0.9008928537368774, 0.9080356955528259, 0.9044643044471741, 0.90625, 0.9071428775787354, 0.8991071581840515, 0.8919642567634583, 0.8839285969734192]}