{"loss": [1.0181386470794678, 0.6720744371414185, 0.5624799728393555, 0.5101358890533447, 0.46310603618621826, 0.4315173029899597, 0.3961474597454071, 0.37348684668540955, 0.3389815390110016, 0.3317558765411377, 0.30999237298965454, 0.2872183322906494, 0.2895801067352295, 0.2675750255584717, 0.2579525411128998, 0.24405163526535034, 0.22623120248317719, 0.23689305782318115, 0.21555276215076447, 0.18892978131771088, 0.19216234982013702, 0.19077646732330322, 0.18499429523944855, 0.18395790457725525, 0.16312766075134277, 0.150178924202919, 0.16166724264621735, 0.1387365311384201, 0.13190706074237823, 0.12904702126979828, 0.11968124657869339, 0.12948323786258698, 0.12257720530033112, 0.1241002082824707, 0.10611642152070999, 0.10784211754798889, 0.09863896667957306, 0.09453648328781128, 0.09385192394256592, 0.09220978617668152, 0.07877563685178757, 0.07420725375413895, 0.07860042154788971, 0.07841259986162186], "accuracy": [0.5839285850524902, 0.7361606955528259, 0.7823660969734192, 0.7984374761581421, 0.817187488079071, 0.8283482193946838, 0.8504464030265808, 0.8607142567634583, 0.8705357313156128, 0.8716517686843872, 0.8830357193946838, 0.8928571343421936, 0.8919642567634583, 0.8982142806053162, 0.8979910612106323, 0.9020089507102966, 0.9147321581840515, 0.9060267806053162, 0.9165178537368774, 0.9223214387893677, 0.9254464507102966, 0.9267857074737549, 0.9287946224212646, 0.9276785850524902, 0.9390624761581421, 0.9426339268684387, 0.9377232193946838, 0.9464285969734192, 0.9504464268684387, 0.9522321224212646, 0.9549106955528259, 0.9522321224212646, 0.9553571343421936, 0.9524553418159485, 0.9602678418159485, 0.9566964507102966, 0.9624999761581421, 0.9642857313156128, 0.9645089507102966, 0.9665178656578064, 0.9714285731315613, 0.9727678298950195, 0.9714285731315613, 0.9723214507102966], "val_loss": [0.714393675327301, 0.5991015434265137, 0.5443823337554932, 0.5234535336494446, 0.4842076897621155, 0.4647582471370697, 0.4352913498878479, 0.4184640645980835, 0.3996952474117279, 0.3958185017108917, 0.3780905604362488, 0.3797961175441742, 0.3683594763278961, 0.3491274118423462, 0.37568214535713196, 0.3427092134952545, 0.35006314516067505, 0.33142074942588806, 0.3637465238571167, 0.3551585078239441, 0.33806052803993225, 0.3444727957248688, 0.3523441255092621, 0.3589008152484894, 0.32979515194892883, 0.35053297877311707, 0.35121771693229675, 0.34471452236175537, 0.34126877784729004, 0.33515867590904236, 0.36950621008872986, 0.35779130458831787, 0.39929094910621643, 0.3178919553756714, 0.3626507818698883, 0.3562062978744507, 0.34796372056007385, 0.3800232410430908, 0.3614451289176941, 0.364585280418396, 0.39591318368911743, 0.37108463048934937, 0.3854053020477295, 0.3752152621746063], "val_accuracy": [0.7133928537368774, 0.7651785612106323, 0.7857142686843872, 0.7883928418159485, 0.8107143044471741, 0.8232142925262451, 0.8330357074737549, 0.8357142806053162, 0.8410714268684387, 0.8428571224212646, 0.8428571224212646, 0.8482142686843872, 0.8553571701049805, 0.8580357432365417, 0.8473214507102966, 0.8607142567634583, 0.8607142567634583, 0.8598214387893677, 0.8598214387893677, 0.8642857074737549, 0.8589285612106323, 0.8794642686843872, 0.8696428537368774, 0.8669642806053162, 0.8767856955528259, 0.875, 0.8678571581840515, 0.8821428418159485, 0.8767856955528259, 0.8794642686843872, 0.8821428418159485, 0.875, 0.8758928775787354, 0.8892857432365417, 0.887499988079071, 0.8910714387893677, 0.8812500238418579, 0.8883928656578064, 0.8901785612106323, 0.8848214149475098, 0.8883928656578064, 0.8848214149475098, 0.8767856955528259, 0.8901785612106323]}