{"loss": [1.1185510158538818, 0.8280325531959534, 0.7249226570129395, 0.6605274081230164, 0.619637131690979, 0.5929388999938965, 0.5557736754417419, 0.5382500290870667, 0.5037910342216492, 0.48897144198417664, 0.4721899926662445, 0.46598342061042786, 0.431472510099411, 0.4311724603176117, 0.4285780191421509, 0.40803155303001404, 0.4071539640426636, 0.38401660323143005, 0.3660200238227844, 0.35127386450767517, 0.3488296866416931, 0.34234949946403503, 0.3321431279182434, 0.3246608376502991, 0.3132787048816681, 0.31962162256240845, 0.2957485616207123, 0.30119067430496216, 0.27391892671585083, 0.28602051734924316, 0.2691485285758972, 0.2573191821575165, 0.2607174217700958, 0.2615015506744385, 0.2524176836013794, 0.2514733374118805, 0.23642335832118988, 0.25388848781585693, 0.2385326623916626, 0.22844000160694122], "accuracy": [0.5087053775787354, 0.6587053537368774, 0.706250011920929, 0.737500011920929, 0.7495535612106323, 0.7604910731315613, 0.776562511920929, 0.7834821343421936, 0.8008928298950195, 0.8046875, 0.8131696581840515, 0.8136160969734192, 0.8323660492897034, 0.8270089030265808, 0.8263393044471741, 0.8417410850524902, 0.8404017686843872, 0.8453124761581421, 0.8558035492897034, 0.8595982193946838, 0.8595982193946838, 0.8618303537368774, 0.8698660731315613, 0.8694196343421936, 0.8792410492897034, 0.8725446462631226, 0.8841517567634583, 0.8743303418159485, 0.8890625238418579, 0.8866071701049805, 0.8941964507102966, 0.8977678418159485, 0.8946428298950195, 0.8999999761581421, 0.9013392925262451, 0.895312488079071, 0.9078124761581421, 0.8964285850524902, 0.9058035612106323, 0.9095982313156128], "val_loss": [0.8795225024223328, 0.7762356400489807, 0.7274678349494934, 0.6694778203964233, 0.6517503261566162, 0.5981181859970093, 0.611493706703186, 0.5849407911300659, 0.5977475643157959, 0.5435804128646851, 0.5458284020423889, 0.5274896621704102, 0.5310554504394531, 0.5484717488288879, 0.5238720774650574, 0.5662848353385925, 0.5158037543296814, 0.5039085745811462, 0.507443904876709, 0.4961325526237488, 0.5063639879226685, 0.5216082334518433, 0.510711133480072, 0.4767206013202667, 0.5236905813217163, 0.48204874992370605, 0.5994834899902344, 0.4877646267414093, 0.4941595792770386, 0.4705314636230469, 0.48859280347824097, 0.48855721950531006, 0.48513373732566833, 0.50703364610672, 0.4765464663505554, 0.5222621560096741, 0.5090406537055969, 0.5629919171333313, 0.4933784604072571, 0.546727180480957], "val_accuracy": [0.6276785731315613, 0.6705357432365417, 0.6785714030265808, 0.7383928298950195, 0.7285714149475098, 0.7508928775787354, 0.7401785850524902, 0.7553571462631226, 0.737500011920929, 0.7705357074737549, 0.7803571224212646, 0.7732142806053162, 0.7794643044471741, 0.7821428775787354, 0.7964285612106323, 0.7669642567634583, 0.7919642925262451, 0.7964285612106323, 0.7982142567634583, 0.8053571581840515, 0.8008928298950195, 0.8008928298950195, 0.7955357432365417, 0.8089285492897034, 0.8026785850524902, 0.8187500238418579, 0.7794643044471741, 0.8196428418159485, 0.8205357193946838, 0.8330357074737549, 0.8258928656578064, 0.8187500238418579, 0.8303571343421936, 0.8133928775787354, 0.8348214030265808, 0.8098214268684387, 0.8276785612106323, 0.8187500238418579, 0.8374999761581421, 0.8142856955528259]}