{"loss": [1.1641050577163696, 0.9019624590873718, 0.8286070823669434, 0.765972375869751, 0.7179091572761536, 0.6820085048675537, 0.6325849294662476, 0.6021440029144287, 0.5796645283699036, 0.5717392563819885, 0.5450989603996277, 0.5114865303039551, 0.4957432448863983, 0.4720146059989929, 0.46615007519721985, 0.4548541009426117, 0.4296993017196655, 0.4023064374923706, 0.3907586634159088, 0.3759115934371948, 0.36608782410621643, 0.37683215737342834, 0.34841084480285645, 0.35439181327819824, 0.3508628010749817, 0.3205721974372864, 0.32314980030059814, 0.30858004093170166, 0.29440394043922424, 0.3005583882331848, 0.2731761634349823, 0.273134708404541, 0.28150081634521484, 0.26910412311553955, 0.26600587368011475, 0.2595771551132202, 0.23761144280433655, 0.2290491908788681, 0.22448256611824036, 0.23439913988113403, 0.2293773889541626, 0.2234458178281784, 0.2143503725528717, 0.21166400611400604, 0.21491101384162903, 0.2095755785703659, 0.19281579554080963, 0.1885659545660019, 0.19337627291679382], "accuracy": [0.5024553537368774, 0.6287946701049805, 0.6720982193946838, 0.6904017925262451, 0.7100446224212646, 0.7361606955528259, 0.7562500238418579, 0.7689732313156128, 0.7770089507102966, 0.7816964387893677, 0.7877232432365417, 0.8109375238418579, 0.8102678656578064, 0.8232142925262451, 0.8212053775787354, 0.8261160850524902, 0.8357142806053162, 0.8459821343421936, 0.8491071462631226, 0.8560267686843872, 0.8645089268684387, 0.8555803298950195, 0.8689731955528259, 0.8667410612106323, 0.8658482432365417, 0.8787946701049805, 0.8743303418159485, 0.8861607313156128, 0.8866071701049805, 0.8841517567634583, 0.8964285850524902, 0.8964285850524902, 0.8926339149475098, 0.8991071581840515, 0.8966518044471741, 0.9020089507102966, 0.9120535850524902, 0.9145089387893677, 0.9147321581840515, 0.9127232432365417, 0.9158481955528259, 0.9174107313156128, 0.9138392806053162, 0.9183035492897034, 0.9227678775787354, 0.9189732074737549, 0.9258928298950195, 0.9274553656578064, 0.9308035969734192], "val_loss": [0.9258354306221008, 0.8207035660743713, 0.7716624736785889, 0.7126482725143433, 0.6714707016944885, 0.6360512971878052, 0.6004232168197632, 0.5884419083595276, 0.5679611563682556, 0.5761025547981262, 0.5470223426818848, 0.5383719801902771, 0.529371976852417, 0.5410903692245483, 0.5169954895973206, 0.484771192073822, 0.4793681502342224, 0.4520014524459839, 0.4782235324382782, 0.4675277769565582, 0.46668341755867004, 0.4392911493778229, 0.4334193170070648, 0.4308830201625824, 0.42002034187316895, 0.41237005591392517, 0.4020425081253052, 0.39115533232688904, 0.44542112946510315, 0.40695154666900635, 0.42529457807540894, 0.3795790374279022, 0.42238229513168335, 0.4201381206512451, 0.4068244397640228, 0.38050732016563416, 0.39173439145088196, 0.3877283036708832, 0.35927534103393555, 0.41692623496055603, 0.38511306047439575, 0.37298643589019775, 0.40635278820991516, 0.41498732566833496, 0.36781609058380127, 0.4015016257762909, 0.37432122230529785, 0.3686705231666565, 0.37985023856163025], "val_accuracy": [0.6107142567634583, 0.65625, 0.6928571462631226, 0.71875, 0.7401785850524902, 0.7714285850524902, 0.7678571343421936, 0.7598214149475098, 0.7758928537368774, 0.768750011920929, 0.7964285612106323, 0.800000011920929, 0.7946428656578064, 0.7866071462631226, 0.7964285612106323, 0.8205357193946838, 0.824999988079071, 0.8294642567634583, 0.8125, 0.8133928775787354, 0.8232142925262451, 0.8383928537368774, 0.8321428298950195, 0.8366071581840515, 0.8419643044471741, 0.8482142686843872, 0.8455356955528259, 0.8500000238418579, 0.831250011920929, 0.84375, 0.8419643044471741, 0.8607142567634583, 0.8446428775787354, 0.8473214507102966, 0.8508928418159485, 0.862500011920929, 0.8651785850524902, 0.8571428656578064, 0.8705357313156128, 0.8473214507102966, 0.8651785850524902, 0.8714285492897034, 0.8491071462631226, 0.8500000238418579, 0.8642857074737549, 0.8571428656578064, 0.8642857074737549, 0.8696428537368774, 0.8687499761581421]}