{"loss": [1.3243472576141357, 0.8321334719657898, 0.6312156319618225, 0.516893208026886, 0.4509686827659607, 0.4149974584579468, 0.35259687900543213, 0.2923985719680786, 0.2771724760532379, 0.23990532755851746, 0.2111264169216156, 0.18284577131271362, 0.1600615382194519, 0.1503288894891739, 0.12839511036872864, 0.11608260124921799, 0.09639360755681992, 0.09026339650154114, 0.08052410185337067, 0.08277365565299988, 0.06450708210468292, 0.05576531961560249, 0.04292880371212959, 0.061985082924366, 0.038255129009485245, 0.04006883502006531, 0.03244152292609215, 0.03069925308227539, 0.034493397921323776, 0.0322941318154335, 0.03700610622763634, 0.03399329632520676, 0.026407724246382713, 0.028100119903683662, 0.019247213378548622, 0.021264925599098206, 0.02663092501461506, 0.025795603170990944, 0.02115544117987156, 0.011334334500133991], "accuracy": [0.38147321343421936, 0.6629464030265808, 0.7441964149475098, 0.7941964268684387, 0.8227678537368774, 0.8399553298950195, 0.8689731955528259, 0.8939732313156128, 0.8928571343421936, 0.9091517925262451, 0.9227678775787354, 0.934374988079071, 0.9419642686843872, 0.9450892806053162, 0.9524553418159485, 0.9600446224212646, 0.9665178656578064, 0.9676339030265808, 0.9720982313156128, 0.9685267806053162, 0.9787946343421936, 0.9808035492897034, 0.9848214387893677, 0.9776785969734192, 0.9877232313156128, 0.9861606955528259, 0.9888392686843872, 0.9895089268684387, 0.9886160492897034, 0.9897321462631226, 0.987500011920929, 0.989062488079071, 0.9915178418159485, 0.9906250238418579, 0.9935267567634583, 0.9919642806053162, 0.9910714030265808, 0.9921875, 0.9919642806053162, 0.9962053298950195], "val_loss": [0.9536632895469666, 0.6484269499778748, 0.5784586668014526, 0.4778825044631958, 0.4310188293457031, 0.410151869058609, 0.35858824849128723, 0.3229573369026184, 0.29615703225135803, 0.29254454374313354, 0.2457810491323471, 0.24387939274311066, 0.2151796668767929, 0.22307437658309937, 0.20383328199386597, 0.19051983952522278, 0.1788167655467987, 0.20332589745521545, 0.18833664059638977, 0.19004134833812714, 0.19399325549602509, 0.17018656432628632, 0.1879182904958725, 0.1564464420080185, 0.18233522772789001, 0.15525472164154053, 0.19123928248882294, 0.18639445304870605, 0.17327295243740082, 0.14507673680782318, 0.19853433966636658, 0.16489534080028534, 0.1455121636390686, 0.15351085364818573, 0.1516299992799759, 0.19108282029628754, 0.17258483171463013, 0.17314471304416656, 0.1544959992170334, 0.14617758989334106], "val_accuracy": [0.6705357432365417, 0.7455357313156128, 0.75, 0.8098214268684387, 0.8330357074737549, 0.8330357074737549, 0.8553571701049805, 0.8776785731315613, 0.8812500238418579, 0.8848214149475098, 0.9080356955528259, 0.9142857193946838, 0.9214285612106323, 0.9116071462631226, 0.9223214387893677, 0.9357143044471741, 0.9375, 0.9276785850524902, 0.9401785731315613, 0.9348214268684387, 0.9339285492897034, 0.9419642686843872, 0.9410714507102966, 0.9455357193946838, 0.9455357193946838, 0.9464285969734192, 0.9446428418159485, 0.9383928775787354, 0.9464285969734192, 0.956250011920929, 0.9375, 0.956250011920929, 0.9553571343421936, 0.956250011920929, 0.9553571343421936, 0.9482142925262451, 0.9508928656578064, 0.9526785612106323, 0.9571428298950195, 0.9598214030265808]}