{"loss": [1.3542499542236328, 0.9552227854728699, 0.792735755443573, 0.6973665952682495, 0.6165102124214172, 0.5613967776298523, 0.4991512894630432, 0.45009034872055054, 0.42432788014411926, 0.3749242126941681, 0.3425295650959015, 0.31245729327201843, 0.293052613735199, 0.2689073085784912, 0.23855219781398773, 0.21809272468090057, 0.20819324254989624, 0.20036014914512634, 0.19167424738407135, 0.16272807121276855, 0.15479037165641785, 0.13733328878879547, 0.134061798453331, 0.12773913145065308, 0.11627911031246185, 0.10506010800600052, 0.10749179869890213, 0.08923550695180893, 0.07509512454271317, 0.07282544672489166, 0.06721118837594986, 0.07096584141254425, 0.06706105172634125, 0.07209949940443039, 0.0645630732178688, 0.059794433414936066, 0.06266399472951889, 0.06570128351449966, 0.050026725977659225, 0.04303743690252304, 0.042528945952653885], "accuracy": [0.36026784777641296, 0.6225446462631226, 0.6767857074737549, 0.7194196581840515, 0.7620535492897034, 0.7875000238418579, 0.8098214268684387, 0.8263393044471741, 0.8457589149475098, 0.8573660850524902, 0.8734375238418579, 0.8839285969734192, 0.893750011920929, 0.9029017686843872, 0.9116071462631226, 0.9189732074737549, 0.925000011920929, 0.9261160492897034, 0.9272321462631226, 0.9404017925262451, 0.9459821581840515, 0.9502232074737549, 0.9504464268684387, 0.9513393044471741, 0.9620535969734192, 0.9622767567634583, 0.9607142806053162, 0.9678571224212646, 0.9743303656578064, 0.9763392806053162, 0.9758928418159485, 0.9743303656578064, 0.9774553775787354, 0.9727678298950195, 0.9765625, 0.979687511920929, 0.9756696224212646, 0.9750000238418579, 0.9828125238418579, 0.984375, 0.9848214387893677], "val_loss": [1.0811001062393188, 0.8296495079994202, 0.7343778610229492, 0.627906858921051, 0.5952898859977722, 0.5336476564407349, 0.4828159809112549, 0.4130995571613312, 0.37176313996315, 0.3918282687664032, 0.34451496601104736, 0.31865134835243225, 0.2779180407524109, 0.3313974142074585, 0.26534050703048706, 0.2685879170894623, 0.25489115715026855, 0.2848760783672333, 0.24104493856430054, 0.22968772053718567, 0.2421358972787857, 0.23759250342845917, 0.24254180490970612, 0.2063198834657669, 0.2071361094713211, 0.20837745070457458, 0.24696741998195648, 0.20224529504776, 0.19428102672100067, 0.2074255794286728, 0.1847730427980423, 0.25866585969924927, 0.2423858344554901, 0.21108657121658325, 0.21459175646305084, 0.21479232609272003, 0.21374784409999847, 0.24097058176994324, 0.20765747129917145, 0.24327068030834198, 0.23074525594711304], "val_accuracy": [0.5482142567634583, 0.6651785969734192, 0.6964285969734192, 0.75, 0.7642857432365417, 0.7901785969734192, 0.8044642806053162, 0.8339285850524902, 0.8508928418159485, 0.8508928418159485, 0.8616071343421936, 0.8687499761581421, 0.8955357074737549, 0.8660714030265808, 0.8883928656578064, 0.8999999761581421, 0.9053571224212646, 0.8866071701049805, 0.9160714149475098, 0.9116071462631226, 0.90625, 0.9160714149475098, 0.9160714149475098, 0.9276785850524902, 0.9321428537368774, 0.9232142567634583, 0.9232142567634583, 0.9330357313156128, 0.9392856955528259, 0.9339285492897034, 0.9410714507102966, 0.9276785850524902, 0.9285714030265808, 0.9321428537368774, 0.9392856955528259, 0.9312499761581421, 0.9419642686843872, 0.9339285492897034, 0.9401785731315613, 0.9410714507102966, 0.9428571462631226]}