{"loss": [1.479928970336914, 1.0506422519683838, 0.8070504069328308, 0.6931656002998352, 0.6247358918190002, 0.5744820833206177, 0.5245170593261719, 0.48292192816734314, 0.43856334686279297, 0.41179966926574707, 0.37069499492645264, 0.33350834250450134, 0.2976621389389038, 0.2741103172302246, 0.24236951768398285, 0.2230004072189331, 0.18944045901298523, 0.1856565773487091, 0.16756001114845276, 0.1388673037290573, 0.1268967241048813, 0.10896340757608414, 0.1047404557466507, 0.09349124878644943, 0.07180798053741455, 0.07617906481027603, 0.08007833361625671, 0.07624267786741257, 0.05527215823531151, 0.047714363783597946, 0.050573211163282394, 0.04553649574518204, 0.04386361688375473, 0.0481269545853138], "accuracy": [0.2674107253551483, 0.5406249761581421, 0.6582589149475098, 0.7029017806053162, 0.7377232313156128, 0.7654017806053162, 0.7796875238418579, 0.8002232313156128, 0.8223214149475098, 0.8339285850524902, 0.8522321581840515, 0.8642857074737549, 0.8765624761581421, 0.8899553418159485, 0.903124988079071, 0.9116071462631226, 0.9276785850524902, 0.9274553656578064, 0.9370535612106323, 0.9473214149475098, 0.9491071701049805, 0.9611607193946838, 0.9620535969734192, 0.9658482074737549, 0.9732142686843872, 0.9736607074737549, 0.9683035612106323, 0.9738839268684387, 0.9785714149475098, 0.9825893044471741, 0.979687511920929, 0.9834821224212646, 0.9841517806053162, 0.9823660850524902], "val_loss": [1.2775453329086304, 0.9051074385643005, 0.6956828832626343, 0.6464933156967163, 0.6517945528030396, 0.5588999390602112, 0.5344107747077942, 0.5123738646507263, 0.4860365092754364, 0.45387375354766846, 0.44058215618133545, 0.43954452872276306, 0.4723512828350067, 0.4096324145793915, 0.40863537788391113, 0.4132941663265228, 0.4538973569869995, 0.4383361339569092, 0.4113682210445404, 0.41211172938346863, 0.4416077733039856, 0.40489110350608826, 0.4276026785373688, 0.3914768695831299, 0.44254621863365173, 0.45673438906669617, 0.48885655403137207, 0.4157160818576813, 0.45014676451683044, 0.45586085319519043, 0.5185323357582092, 0.47861209511756897, 0.4711528718471527, 0.4807804524898529], "val_accuracy": [0.48750001192092896, 0.6080357432365417, 0.7017857432365417, 0.71875, 0.7098214030265808, 0.7535714507102966, 0.762499988079071, 0.7758928537368774, 0.7991071343421936, 0.8223214149475098, 0.8258928656578064, 0.8276785612106323, 0.8223214149475098, 0.8419643044471741, 0.8473214507102966, 0.84375, 0.8410714268684387, 0.8419643044471741, 0.8526785969734192, 0.8553571701049805, 0.8535714149475098, 0.8651785850524902, 0.8607142567634583, 0.875, 0.8723214268684387, 0.856249988079071, 0.8651785850524902, 0.8687499761581421, 0.8705357313156128, 0.8705357313156128, 0.8687499761581421, 0.8785714507102966, 0.8785714507102966, 0.8723214268684387]}