{"loss": [1.3460383415222168, 0.9864813685417175, 0.7624022364616394, 0.6345523595809937, 0.546350359916687, 0.49020838737487793, 0.4222573935985565, 0.3995858430862427, 0.34903964400291443, 0.29874688386917114, 0.284635990858078, 0.2548265755176544, 0.21686498820781708, 0.1908102035522461, 0.18035218119621277, 0.18354402482509613, 0.15094292163848877, 0.13721288740634918, 0.12602034211158752, 0.1058591678738594, 0.09893151372671127, 0.08507276326417923, 0.09117510914802551, 0.07318656891584396, 0.0805264413356781, 0.06678387522697449, 0.06336457282304764, 0.06201979145407677, 0.049262408167123795, 0.04815506190061569, 0.049227066338062286, 0.04817478731274605, 0.04613518342375755, 0.03718120977282524, 0.03127105161547661, 0.03220193460583687, 0.06122780591249466, 0.03867008537054062, 0.03935040906071663, 0.024746328592300415, 0.021791553124785423, 0.023584645241498947, 0.022139612585306168, 0.024377696216106415, 0.0263154786080122, 0.027670476585626602, 0.01763622649013996, 0.02250165306031704, 0.021883299574255943, 0.02756882645189762, 0.030455321073532104, 0.021528063341975212, 0.01760118268430233, 0.0147484065964818, 0.014115448109805584, 0.010789063759148121, 0.013025100342929363, 0.014712095260620117, 0.00795807782560587, 0.01827223226428032, 0.02079503796994686, 0.026363873854279518, 0.017197784036397934, 0.015960022807121277, 0.01512200478464365, 0.013436700217425823, 0.010908863507211208, 0.012371459975838661, 0.015687117353081703, 0.016518771648406982, 0.019655926153063774, 0.014000588096678257, 0.008462933823466301, 0.01087135449051857, 0.017448872327804565, 0.011493741534650326, 0.019391514360904694, 0.007959683425724506, 0.007850592024624348, 0.013723152689635754, 0.00888679176568985, 0.015121891163289547, 0.009118212386965752, 0.010198540985584259, 0.020181763917207718, 0.019947441294789314, 0.022710926830768585, 0.013842766173183918, 0.010575741529464722, 0.021954726427793503, 0.01047121174633503, 0.015257430262863636, 0.02334638126194477, 0.012652132660150528, 0.008827591314911842, 0.008181669749319553, 0.008007542230188847, 0.00938395969569683, 0.008480136282742023, 0.01694728247821331], "accuracy": [0.35468751192092896, 0.5649553537368774, 0.6899553537368774, 0.7457589507102966, 0.7828124761581421, 0.8058035969734192, 0.8267857432365417, 0.8345982432365417, 0.8604910969734192, 0.8812500238418579, 0.885937511920929, 0.893750011920929, 0.9203125238418579, 0.9276785850524902, 0.9314731955528259, 0.9270089268684387, 0.9462053775787354, 0.9479910731315613, 0.9544642567634583, 0.9624999761581421, 0.9616071581840515, 0.9698660969734192, 0.9674107432365417, 0.9736607074737549, 0.9736607074737549, 0.9770089387893677, 0.9776785969734192, 0.9781249761581421, 0.9830357432365417, 0.9808035492897034, 0.9823660850524902, 0.9828125238418579, 0.9825893044471741, 0.9877232313156128, 0.9895089268684387, 0.987500011920929, 0.9803571701049805, 0.9850446581840515, 0.9861606955528259, 0.9926339387893677, 0.9921875, 0.9908482432365417, 0.9921875, 0.9906250238418579, 0.9904018044471741, 0.9915178418159485, 0.9941964149475098, 0.9921875, 0.9910714030265808, 0.9899553656578064, 0.9895089268684387, 0.9928571581840515, 0.9937499761581421, 0.9955357313156128, 0.9959821701049805, 0.9966517686843872, 0.995312511920929, 0.995312511920929, 0.9975446462631226, 0.9930803775787354, 0.9919642806053162, 0.9906250238418579, 0.9937499761581421, 0.9939731955528259, 0.9946428537368774, 0.995312511920929, 0.9959821701049805, 0.9950892925262451, 0.9955357313156128, 0.9950892925262451, 0.9935267567634583, 0.9946428537368774, 0.9966517686843872, 0.9955357313156128, 0.9933035969734192, 0.9962053298950195, 0.9935267567634583, 0.996874988079071, 0.9973214268684387, 0.9957589507102966, 0.9966517686843872, 0.9939731955528259, 0.9973214268684387, 0.9966517686843872, 0.9930803775787354, 0.9921875, 0.9930803775787354, 0.995312511920929, 0.9962053298950195, 0.9937499761581421, 0.9975446462631226, 0.9941964149475098, 0.9919642806053162, 0.9957589507102966, 0.9964285492897034, 0.9970982074737549, 0.9977678656578064, 0.9964285492897034, 0.996874988079071, 0.9944196343421936], "val_loss": [1.080938458442688, 0.8274628520011902, 0.6452051401138306, 0.5680310726165771, 0.495354026556015, 0.4361187815666199, 0.4070254862308502, 0.3733110725879669, 0.3703898787498474, 0.3451974093914032, 0.30849745869636536, 0.2865603268146515, 0.2908497452735901, 0.25609272718429565, 0.27207010984420776, 0.2684817314147949, 0.28136134147644043, 0.24218885600566864, 0.22090290486812592, 0.21299760043621063, 0.2248149812221527, 0.23127150535583496, 0.24687092006206512, 0.2208527773618698, 0.2547580301761627, 0.24360676109790802, 0.25062820315361023, 0.23190103471279144, 0.24417561292648315, 0.22279880940914154, 0.24047453701496124, 0.20772792398929596, 0.2308465987443924, 0.2189057171344757, 0.23217971622943878, 0.22909954190254211, 0.26818254590034485, 0.28869912028312683, 0.21378473937511444, 0.22539860010147095, 0.2346622496843338, 0.2450011670589447, 0.26073652505874634, 0.27022749185562134, 0.24611549079418182, 0.21185541152954102, 0.2285408079624176, 0.28012800216674805, 0.28030282258987427, 0.2351858913898468, 0.2348935753107071, 0.24765880405902863, 0.2664523720741272, 0.2645079791545868, 0.2558779716491699, 0.24769848585128784, 0.25850415229797363, 0.2629951536655426, 0.26386791467666626, 0.285727858543396, 0.2459479421377182, 0.23498910665512085, 0.23482289910316467, 0.2783192992210388, 0.2320287674665451, 0.27546682953834534, 0.2953202724456787, 0.2997223138809204, 0.27615809440612793, 0.3323872983455658, 0.281619668006897, 0.272020548582077, 0.2765003442764282, 0.24477942287921906, 0.2992834150791168, 0.3082515597343445, 0.24461086094379425, 0.29221004247665405, 0.3052017092704773, 0.257743239402771, 0.29475054144859314, 0.2712210714817047, 0.24726924300193787, 0.27326762676239014, 0.31904155015945435, 0.23466679453849792, 0.29741472005844116, 0.2402440458536148, 0.2569828927516937, 0.27063900232315063, 0.2446923404932022, 0.2460092306137085, 0.26554134488105774, 0.24051617085933685, 0.25905975699424744, 0.2836897373199463, 0.26465022563934326, 0.3045237958431244, 0.28347063064575195, 0.24195365607738495],