{"loss": [1.2545462846755981, 0.8199132680892944, 0.6463117599487305, 0.5491958260536194, 0.4744233787059784, 0.4116692543029785, 0.3575371503829956, 0.31871598958969116, 0.2936406135559082, 0.24964509904384613, 0.22968141734600067, 0.19104543328285217, 0.1807350516319275, 0.16554147005081177, 0.15918134152889252, 0.13225223124027252, 0.12434858828783035, 0.1077844649553299, 0.10379674285650253, 0.09431882202625275, 0.09049572050571442], "accuracy": [0.4341517984867096, 0.6694196462631226, 0.7370535731315613, 0.7816964387893677, 0.8223214149475098, 0.8374999761581421, 0.864062488079071, 0.8743303418159485, 0.8890625238418579, 0.9053571224212646, 0.910937488079071, 0.9296875, 0.9305803775787354, 0.9395089149475098, 0.9392856955528259, 0.9511160850524902, 0.9546874761581421, 0.9618303775787354, 0.9624999761581421, 0.964062511920929, 0.9660714268684387], "val_loss": [0.9092444181442261, 0.6827502250671387, 0.5820830464363098, 0.5197650194168091, 0.4847935140132904, 0.4272542893886566, 0.3841001093387604, 0.35355907678604126, 0.37154415249824524, 0.37247249484062195, 0.34691065549850464, 0.3534806966781616, 0.39600294828414917, 0.370940625667572, 0.37029439210891724, 0.3617303669452667, 0.37405073642730713, 0.3488827049732208, 0.3715601861476898, 0.38689228892326355, 0.4125843346118927], "val_accuracy": [0.6392857432365417, 0.7214285731315613, 0.7553571462631226, 0.7857142686843872, 0.8107143044471741, 0.8419643044471741, 0.8580357432365417, 0.8660714030265808, 0.8651785850524902, 0.8633928298950195, 0.8767856955528259, 0.8776785731315613, 0.8651785850524902, 0.8794642686843872, 0.8857142925262451, 0.8892857432365417, 0.8803571462631226, 0.8928571343421936, 0.8964285850524902, 0.8919642567634583, 0.8919642567634583]}