{"loss": [1.3445665836334229, 0.8601400852203369, 0.6335217952728271, 0.5196526646614075, 0.456172376871109, 0.41485676169395447, 0.35408321022987366, 0.3053991496562958, 0.2735408544540405, 0.24050453305244446, 0.22389250993728638, 0.19314593076705933, 0.17523257434368134, 0.13733665645122528, 0.12885083258152008, 0.12481184303760529, 0.1032511442899704, 0.09241100400686264, 0.09642715007066727, 0.07345907390117645, 0.057658854871988297, 0.07344723492860794, 0.05924040079116821, 0.062439993023872375, 0.049680717289447784, 0.04018573462963104, 0.052205756306648254, 0.03955984115600586, 0.03793283551931381, 0.028304044157266617, 0.03033839352428913, 0.03315714746713638, 0.036080844700336456, 0.02112957276403904, 0.02204142138361931, 0.024118663743138313, 0.030223775655031204, 0.02355165034532547, 0.018974414095282555, 0.016276588663458824, 0.014125658199191093, 0.015797743573784828, 0.018601199612021446, 0.03472348675131798, 0.02390209771692753, 0.023333819583058357, 0.01747012883424759, 0.02285679802298546, 0.02163628302514553, 0.016529982909560204, 0.015566620044410229, 0.03920156508684158, 0.025151636451482773, 0.015179966576397419, 0.01236263383179903, 0.010702882893383503, 0.015463195741176605, 0.02229399047791958, 0.008756314404308796, 0.008833174593746662, 0.006285738665610552, 0.008466319181025028, 0.00527517544105649, 0.005636455956846476, 0.009347052313387394, 0.0056601716205477715, 0.011834160424768925, 0.00965842790901661, 0.019817890599370003, 0.02309251017868519, 0.013741124421358109, 0.010609566234052181, 0.012100999243557453, 0.009080023504793644, 0.01315973699092865, 0.009422038681805134, 0.008325067348778248, 0.016420850530266762, 0.01343505084514618, 0.01097270380705595, 0.006615936756134033, 0.010492153465747833, 0.01014988124370575, 0.006424269638955593, 0.010817847214639187, 0.007794271223247051, 0.005205078981816769, 0.008206268772482872, 0.007596188690513372, 0.012705972418189049, 0.01378974411636591, 0.00799324456602335, 0.009057322517037392, 0.009670537896454334, 0.0060667372308671474, 0.009520366787910461, 0.014257523231208324, 0.010547681711614132, 0.011220747604966164, 0.006864078342914581], "accuracy": [0.3678571283817291, 0.6564732193946838, 0.753125011920929, 0.7928571701049805, 0.8169642686843872, 0.8392857313156128, 0.8683035969734192, 0.8852678537368774, 0.8944196701049805, 0.9084821343421936, 0.9122768044471741, 0.9296875, 0.9348214268684387, 0.9533482193946838, 0.9546874761581421, 0.9551339149475098, 0.9600446224212646, 0.9665178656578064, 0.9629464149475098, 0.9736607074737549, 0.979687511920929, 0.9738839268684387, 0.9810267686843872, 0.9787946343421936, 0.9828125238418579, 0.9868303537368774, 0.9814732074737549, 0.9863839149475098, 0.987500011920929, 0.9901785850524902, 0.9897321462631226, 0.9901785850524902, 0.9877232313156128, 0.9939731955528259, 0.9935267567634583, 0.9924107193946838, 0.9892857074737549, 0.9924107193946838, 0.9937499761581421, 0.9937499761581421, 0.9962053298950195, 0.995312511920929, 0.9928571581840515, 0.9886160492897034, 0.9904018044471741, 0.9910714030265808, 0.9946428537368774, 0.9906250238418579, 0.9933035969734192, 0.9933035969734192, 0.9948660731315613, 0.9863839149475098, 0.9910714030265808, 0.995312511920929, 0.9970982074737549, 0.9970982074737549, 0.9948660731315613, 0.9930803775787354, 0.9964285492897034, 0.9962053298950195, 0.9977678656578064, 0.996874988079071, 0.9988839030265808, 0.9977678656578064, 0.9959821701049805, 0.9986607432365417, 0.9964285492897034, 0.9964285492897034, 0.9928571581840515, 0.9919642806053162, 0.9957589507102966, 0.9964285492897034, 0.9962053298950195, 0.9973214268684387, 0.9946428537368774, 0.996874988079071, 0.9966517686843872, 0.9950892925262451, 0.9955357313156128, 0.996874988079071, 0.9982143044471741, 0.9973214268684387, 0.9970982074737549, 0.9979910850524902, 0.9962053298950195, 0.996874988079071, 0.9986607432365417, 0.9970982074737549, 0.9973214268684387, 0.9964285492897034, 0.9964285492897034, 0.9973214268684387, 0.9977678656578064, 0.9973214268684387, 0.9982143044471741, 0.9970982074737549, 0.9950892925262451, 0.9964285492897034, 0.9957589507102966, 0.9982143044471741], "val_loss": [0.9926131963729858, 0.7452206015586853, 0.5806497931480408, 0.5202656388282776, 0.48800545930862427, 0.4077049493789673, 0.36947205662727356, 0.33560100197792053, 0.29730579257011414, 0.30413103103637695, 0.2603796124458313, 0.24911952018737793, 0.22734495997428894, 0.23272566497325897, 0.23108558356761932, 0.206772118806839, 0.23019234836101532, 0.19860120117664337, 0.19884487986564636, 0.19123633205890656, 0.18860937654972076, 0.2211865484714508, 0.20651420950889587, 0.1852525919675827, 0.2082630693912506, 0.19860778748989105, 0.17523375153541565, 0.18320557475090027, 0.17742085456848145, 0.1655070036649704, 0.16032671928405762, 0.1573115736246109, 0.18598420917987823, 0.16404087841510773, 0.19114980101585388, 0.15038657188415527, 0.1722945123910904, 0.2098158299922943, 0.1789887398481369, 0.19184556603431702, 0.17464153468608856, 0.1740911900997162, 0.2793301045894623, 0.2030963897705078, 0.20748893916606903, 0.1847519725561142, 0.1937294602394104, 0.19837117195129395, 0.16720297932624817, 0.20009995996952057, 0.28114715218544006, 0.1890563666820526, 0.18431395292282104, 0.18285620212554932, 0.18821848928928375, 0.1947411745786667, 0.22274693846702576, 0.2060883641242981, 0.19050465524196625, 0.17699745297431946, 0.18451401591300964, 0.20832054316997528, 0.2324047088623047, 0.23276148736476898, 0.2206743210554123, 0.21427157521247864, 0.23418863117694855, 0.22743359208106995, 0.18178996443748474, 0.19852685928344727, 0.16471634805202484, 0.17794539034366608, 0.24244363605976105, 0.23391129076480865, 0.2848983108997345, 0.19815519452095032, 0.21437327563762665, 0.20297320187091827, 0.21716465055942535, 0.21571199595928192, 0.23958811163902283, 0.20434977114200592, 0.26559510827064514, 0.24346084892749786, 0.1928674578666687, 0.2466169148683548, 0.22388572990894318, 0.23457717895507812, 0.2039671391248703, 0.22785836458206177, 0.2436220496892929, 0.2187526524066925, 0.2462778389453888, 0.21372872591018677, 0.249894380569458, 0.2701508104801178, 0.2592625617980957, 0.23833918571472168, 0.21001461148262024, 0.2366095334291458],