{"loss": [1.3465336561203003, 0.9831973314285278, 0.7680240273475647, 0.6370049118995667, 0.5410683751106262, 0.492691308259964, 0.41967645287513733, 0.3939502239227295, 0.36157533526420593, 0.3264356255531311, 0.30240607261657715, 0.26278090476989746, 0.24274510145187378, 0.21189703047275543, 0.22212660312652588, 0.18481390178203583, 0.1505041867494583, 0.14613176882266998, 0.13496680557727814, 0.11628427356481552, 0.11240188777446747, 0.10718559473752975, 0.1103132963180542, 0.08243229240179062, 0.08480910956859589, 0.07120506465435028, 0.07679442316293716, 0.06588847935199738, 0.05810720473527908, 0.04859542474150658, 0.04881107434630394, 0.0437648743391037, 0.04053661599755287, 0.043374136090278625, 0.027704300358891487, 0.037852752953767776, 0.03107418678700924, 0.03931700065732002], "accuracy": [0.3533482253551483, 0.5658482313156128, 0.6935268044471741, 0.7439731955528259, 0.7852678298950195, 0.8053571581840515, 0.8310267925262451, 0.8397321701049805, 0.8540178537368774, 0.8709821701049805, 0.8803571462631226, 0.8975446224212646, 0.9026785492897034, 0.9167410731315613, 0.9111607074737549, 0.9292410612106323, 0.9455357193946838, 0.9453125, 0.9522321224212646, 0.9598214030265808, 0.9604910612106323, 0.9587053656578064, 0.9595982432365417, 0.9683035612106323, 0.9707589149475098, 0.9754464030265808, 0.9732142686843872, 0.9738839268684387, 0.9761160612106323, 0.9834821224212646, 0.9825893044471741, 0.9848214387893677, 0.9870535731315613, 0.9850446581840515, 0.9901785850524902, 0.9872767925262451, 0.9901785850524902, 0.9872767925262451], "val_loss": [1.0795003175735474, 0.8416090607643127, 0.6618382334709167, 0.5623858571052551, 0.47807371616363525, 0.4397011995315552, 0.4271962642669678, 0.3753652274608612, 0.3727836608886719, 0.3507543206214905, 0.3303384482860565, 0.3492274582386017, 0.2860456109046936, 0.3031556308269501, 0.28084859251976013, 0.2793637812137604, 0.2476540207862854, 0.2436165064573288, 0.2613062560558319, 0.2882242202758789, 0.2794991433620453, 0.28962990641593933, 0.20919406414031982, 0.22570832073688507, 0.2363809049129486, 0.232283353805542, 0.22592325508594513, 0.20246416330337524, 0.22518666088581085, 0.22420130670070648, 0.24926142394542694, 0.2136097550392151, 0.2456921488046646, 0.20692552626132965, 0.21215622127056122, 0.2497488260269165, 0.24121341109275818, 0.26183363795280457], "val_accuracy": [0.49196428060531616, 0.65625, 0.7178571224212646, 0.7696428298950195, 0.7928571701049805, 0.8160714507102966, 0.8223214149475098, 0.8294642567634583, 0.8410714268684387, 0.8535714149475098, 0.8651785850524902, 0.856249988079071, 0.8848214149475098, 0.8812500238418579, 0.8857142925262451, 0.8910714387893677, 0.9107142686843872, 0.9098214507102966, 0.8991071581840515, 0.9071428775787354, 0.9035714268684387, 0.8919642567634583, 0.9223214387893677, 0.9205357432365417, 0.9142857193946838, 0.9232142567634583, 0.918749988079071, 0.9312499761581421, 0.9276785850524902, 0.9321428537368774, 0.9223214387893677, 0.9276785850524902, 0.9303571581840515, 0.9366071224212646, 0.9383928775787354, 0.9312499761581421, 0.9357143044471741, 0.9258928298950195]}