{"loss": [1.3543548583984375, 0.9632701277732849, 0.7858235836029053, 0.6948227286338806, 0.6234017610549927, 0.5552985072135925, 0.4921695291996002, 0.45272955298423767, 0.4117010831832886, 0.38089561462402344, 0.35127994418144226, 0.31549131870269775, 0.3022480309009552, 0.26275143027305603, 0.24741584062576294, 0.2319430559873581, 0.21790941059589386, 0.21399027109146118, 0.1946921944618225, 0.17420363426208496, 0.16324394941329956, 0.13713902235031128, 0.1296985000371933, 0.12684623897075653, 0.1386631429195404, 0.11163922399282455, 0.12152928113937378, 0.09311459958553314, 0.08583500981330872, 0.07575337588787079, 0.07227393239736557, 0.06875141710042953, 0.08673126995563507, 0.07445737719535828, 0.08135338872671127, 0.06507784873247147, 0.05487067997455597, 0.06577914208173752, 0.0449029803276062, 0.054881855845451355, 0.04610898718237877, 0.044826485216617584, 0.04251135140657425, 0.037576206028461456, 0.033718883991241455, 0.02959146536886692, 0.027336739003658295, 0.04406483843922615, 0.04219771549105644, 0.035835642367601395, 0.03244126960635185, 0.036113061010837555, 0.022511130198836327, 0.018962886184453964, 0.025852490216493607, 0.024206217378377914, 0.033033132553100586, 0.028582269325852394, 0.022389277815818787, 0.02341415174305439, 0.024701884016394615, 0.02335236221551895, 0.022768614813685417, 0.026977749541401863, 0.02541104145348072, 0.019918210804462433, 0.017687197774648666, 0.02727537229657173, 0.01983322575688362, 0.01731215976178646, 0.019667714834213257, 0.012926772236824036, 0.011618013493716717, 0.011561251245439053, 0.019475193694233894, 0.021433088928461075, 0.022609874606132507, 0.020453352481126785, 0.01941601373255253, 0.012665508314967155, 0.0229654423892498, 0.035673290491104126, 0.026375070214271545, 0.01936836913228035, 0.01436837762594223, 0.008319864980876446, 0.016931921243667603, 0.013031788170337677, 0.010785526596009731, 0.015403807163238525, 0.014455955475568771, 0.0199119970202446, 0.016272766515612602, 0.02083403244614601, 0.030373072251677513, 0.017378589138388634, 0.013861428014934063, 0.019519535824656487, 0.026592543348670006, 0.012546087615191936], "accuracy": [0.36026784777641296, 0.6220982074737549, 0.6897321343421936, 0.7241071462631226, 0.7562500238418579, 0.7904017567634583, 0.8089285492897034, 0.8265625238418579, 0.8486607074737549, 0.8566964268684387, 0.8694196343421936, 0.879687488079071, 0.8919642567634583, 0.9033482074737549, 0.9102678298950195, 0.9120535850524902, 0.9227678775787354, 0.9232142567634583, 0.9272321462631226, 0.9377232193946838, 0.9415178298950195, 0.9529017806053162, 0.9495535492897034, 0.9542410969734192, 0.9529017806053162, 0.9591518044471741, 0.9551339149475098, 0.9676339030265808, 0.9703124761581421, 0.9756696224212646, 0.9774553775787354, 0.9754464030265808, 0.9700892567634583, 0.9727678298950195, 0.9705356955528259, 0.9747768044471741, 0.9819196462631226, 0.9756696224212646, 0.9839285612106323, 0.9810267686843872, 0.9823660850524902, 0.9830357432365417, 0.9845982193946838, 0.9861606955528259, 0.9892857074737549, 0.9910714030265808, 0.9912946224212646, 0.984375, 0.9850446581840515, 0.9881696701049805, 0.9899553656578064, 0.987500011920929, 0.9928571581840515, 0.9935267567634583, 0.9901785850524902, 0.9917410612106323, 0.9886160492897034, 0.9906250238418579, 0.9926339387893677, 0.9930803775787354, 0.9897321462631226, 0.9919642806053162, 0.9935267567634583, 0.9904018044471741, 0.9924107193946838, 0.9915178418159485, 0.9935267567634583, 0.9908482432365417, 0.9935267567634583, 0.9939731955528259, 0.9935267567634583, 0.9950892925262451, 0.9962053298950195, 0.9957589507102966, 0.9930803775787354, 0.9917410612106323, 0.9928571581840515, 0.9944196343421936, 0.9930803775787354, 0.9959821701049805, 0.9921875, 0.9879464507102966, 0.9897321462631226, 0.9939731955528259, 0.9939731955528259, 0.9979910850524902, 0.9930803775787354, 0.9957589507102966, 0.9959821701049805, 0.9941964149475098, 0.9959821701049805, 0.9935267567634583, 0.9941964149475098, 0.9941964149475098, 0.9906250238418579, 0.9935267567634583, 0.9948660731315613, 0.9930803775787354, 0.9917410612106323, 0.9955357313156128], "val_loss": [1.0843846797943115, 0.8974871039390564, 0.7054591178894043, 0.635167121887207, 0.571124792098999, 0.5192739963531494, 0.461557537317276, 0.41627225279808044, 0.3913867473602295, 0.3839793801307678, 0.33241161704063416, 0.30859246850013733, 0.2823910713195801, 0.3331899046897888, 0.2800803780555725, 0.2627459168434143, 0.25460347533226013, 0.2575475871562958, 0.278656005859375, 0.23266975581645966, 0.2510053813457489, 0.24667154252529144, 0.23823201656341553, 0.230189710855484, 0.22482259571552277, 0.2223649024963379, 0.22951626777648926, 0.2164866328239441, 0.21405215561389923, 0.2267872840166092, 0.20187142491340637, 0.21510981023311615, 0.22032418847084045, 0.23289334774017334, 0.23425905406475067, 0.21576546132564545, 0.20971010625362396, 0.188472718000412, 0.2015194147825241, 0.22037069499492645, 0.21611760556697845, 0.2237568199634552, 0.23735569417476654, 0.23530170321464539, 0.20914483070373535, 0.21822276711463928, 0.22784696519374847, 0.26926276087760925, 0.24384166300296783, 0.2138514667749405, 0.2212497740983963, 0.2316441684961319, 0.22343438863754272, 0.23125849664211273, 0.23477159440517426, 0.21279805898666382, 0.29501980543136597, 0.22215645015239716, 0.22177115082740784, 0.22154861688613892, 0.23028166592121124, 0.27914097905158997, 0.24292603135108948, 0.26958754658699036, 0.22514969110488892, 0.22969003021717072, 0.23519012331962585, 0.23866528272628784, 0.2563464343547821, 0.24410955607891083, 0.2766493856906891, 0.25077682733535767, 0.2572096288204193, 0.2628859579563141, 0.22233334183692932, 0.2188330441713333, 0.23009763658046722, 0.23868343234062195, 0.22637613117694855, 0.25021278858184814, 0.2723654508590698, 0.2767044007778168, 0.25443562865257263, 0.2849140763282776, 0.2615933418273926, 0.28343164920806885, 0.25268277525901794, 0.2546570301055908, 0.2722727358341217, 0.28266441822052, 0.2628266215324402, 0.3042866587638855, 0.30004897713661194, 0.2714135944843292, 0.26600056886672974, 0.255744606256485, 0.30042320489883423, 0.2446753978729248, 0.2529102861881256, 0.2577391266822815],