{"loss": [1.3901121616363525, 0.8799571394920349, 0.6418243050575256, 0.5458587408065796, 0.4886443018913269, 0.4413393437862396, 0.370626837015152, 0.3443211019039154, 0.3151126205921173, 0.25842809677124023, 0.24366392195224762, 0.21486768126487732, 0.18355947732925415, 0.14984892308712006, 0.15514256060123444, 0.11825554817914963, 0.10793983936309814, 0.09547685831785202, 0.09296026825904846, 0.07658880949020386, 0.07865656912326813, 0.09039055556058884, 0.05761025473475456, 0.05794583633542061, 0.05677751824259758, 0.05509614944458008, 0.03946032002568245, 0.029373159632086754, 0.04370725154876709, 0.03198372572660446, 0.027068287134170532, 0.023416975513100624, 0.021451128646731377, 0.01663338392972946, 0.027156976982951164, 0.028579184785485268, 0.02275809459388256, 0.014766802079975605, 0.017894688993692398, 0.03161086514592171, 0.017080651596188545], "accuracy": [0.33013391494750977, 0.640625, 0.7412946224212646, 0.7787946462631226, 0.8075892925262451, 0.824999988079071, 0.8540178537368774, 0.8647321462631226, 0.8765624761581421, 0.9026785492897034, 0.9024553298950195, 0.9165178537368774, 0.9305803775787354, 0.9455357193946838, 0.9441964030265808, 0.9564732313156128, 0.9616071581840515, 0.9654017686843872, 0.9660714268684387, 0.9696428775787354, 0.9727678298950195, 0.9665178656578064, 0.9790178537368774, 0.9785714149475098, 0.9774553775787354, 0.9787946343421936, 0.9852678775787354, 0.9901785850524902, 0.9845982193946838, 0.9888392686843872, 0.9906250238418579, 0.9928571581840515, 0.9928571581840515, 0.9939731955528259, 0.9908482432365417, 0.9883928298950195, 0.9926339387893677, 0.995312511920929, 0.9933035969734192, 0.9899553656578064, 0.9948660731315613], "val_loss": [1.022038459777832, 0.7313331365585327, 0.6071049571037292, 0.5081994533538818, 0.45465606451034546, 0.4204419255256653, 0.37662234902381897, 0.38492903113365173, 0.31469810009002686, 0.3735528588294983, 0.29793864488601685, 0.25392523407936096, 0.2222588211297989, 0.22958223521709442, 0.21515461802482605, 0.23600442707538605, 0.21059630811214447, 0.21284079551696777, 0.17992974817752838, 0.20515176653862, 0.21794158220291138, 0.1905599683523178, 0.20979444682598114, 0.16771471500396729, 0.20462584495544434, 0.18919533491134644, 0.18479511141777039, 0.2314675748348236, 0.18838347494602203, 0.17303049564361572, 0.16216601431369781, 0.18858852982521057, 0.18917898833751678, 0.1824023723602295, 0.18225499987602234, 0.22862251102924347, 0.20130126178264618, 0.1887659877538681, 0.1788596361875534, 0.19115379452705383, 0.19013053178787231], "val_accuracy": [0.625, 0.7116071581840515, 0.7339285612106323, 0.8008928298950195, 0.8214285969734192, 0.8410714268684387, 0.8517857193946838, 0.8428571224212646, 0.8794642686843872, 0.8616071343421936, 0.8901785612106323, 0.9080356955528259, 0.9196428656578064, 0.9142857193946838, 0.9267857074737549, 0.9098214507102966, 0.9303571581840515, 0.9294642806053162, 0.9437500238418579, 0.9339285492897034, 0.9303571581840515, 0.9330357313156128, 0.9366071224212646, 0.9473214149475098, 0.9383928775787354, 0.9455357193946838, 0.9428571462631226, 0.9294642806053162, 0.9464285969734192, 0.956250011920929, 0.9517857432365417, 0.9491071701049805, 0.9419642686843872, 0.9526785612106323, 0.9508928656578064, 0.949999988079071, 0.9491071701049805, 0.9526785612106323, 0.949999988079071, 0.9491071701049805, 0.9508928656578064]}