{"loss": [1.4797477722167969, 1.0492165088653564, 0.8034749031066895, 0.6928136348724365, 0.6215291023254395, 0.5665863156318665, 0.5245721340179443, 0.4846569001674652, 0.44696325063705444, 0.4164207875728607, 0.37054428458213806, 0.3480476140975952, 0.311269611120224, 0.26738834381103516, 0.24140600860118866, 0.2208257019519806, 0.1863744705915451, 0.17597730457782745, 0.15842995047569275, 0.13492000102996826, 0.1371854990720749, 0.10171125084161758, 0.09690728783607483, 0.10409294813871384, 0.0818144679069519, 0.09475206583738327, 0.08513543009757996, 0.06544488668441772, 0.06472478061914444, 0.05365749076008797, 0.05494504049420357, 0.05699361115694046, 0.053925883024930954, 0.04261833801865578, 0.042945802211761475, 0.0363086573779583, 0.04345180466771126, 0.047286052256822586, 0.037207432091236115, 0.03320670127868652, 0.029266929253935814, 0.023895705118775368, 0.02951061725616455, 0.026211759075522423, 0.026100294664502144, 0.02263653837144375, 0.027782084420323372, 0.03200012817978859, 0.028898725286126137, 0.029463522136211395, 0.02332175150513649, 0.0276178028434515, 0.02650817111134529, 0.03216155990958214, 0.02651822753250599, 0.025883318856358528, 0.02100035548210144, 0.024851152673363686, 0.017549213021993637, 0.017741195857524872, 0.015695996582508087, 0.017635544762015343, 0.015156458131968975, 0.01937301643192768, 0.018130753189325333, 0.022322436794638634, 0.021394427865743637, 0.02170047163963318, 0.02331395633518696, 0.02286667376756668, 0.022555489093065262, 0.017770180478692055, 0.015321755781769753, 0.022200116887688637, 0.016902104020118713, 0.012123305350542068, 0.015477914363145828, 0.01666191965341568, 0.02010134980082512, 0.02107807993888855, 0.014147044159471989, 0.019874215126037598, 0.02020289935171604, 0.016860714182257652, 0.021058009937405586, 0.012257461436092854, 0.016600290313363075, 0.012372355908155441, 0.01360410824418068, 0.01857341080904007, 0.013095910660922527, 0.014006216078996658, 0.01105448231101036, 0.013273821212351322, 0.013372918590903282, 0.01941041648387909, 0.01402116846293211, 0.009073627181351185, 0.013658012263476849, 0.019011789932847023], "accuracy": [0.2674107253551483, 0.5433035492897034, 0.6604910492897034, 0.7051339149475098, 0.7383928298950195, 0.7651785612106323, 0.7796875238418579, 0.800000011920929, 0.8154017925262451, 0.8305803537368774, 0.8529017567634583, 0.8571428656578064, 0.8738839030265808, 0.8926339149475098, 0.9029017686843872, 0.9120535850524902, 0.9263392686843872, 0.9341517686843872, 0.9386160969734192, 0.9515625238418579, 0.9493303298950195, 0.9629464149475098, 0.9633928537368774, 0.9587053656578064, 0.9700892567634583, 0.9627231955528259, 0.9696428775787354, 0.9752232432365417, 0.9761160612106323, 0.9810267686843872, 0.9805803298950195, 0.9801339507102966, 0.981249988079071, 0.9850446581840515, 0.9845982193946838, 0.9883928298950195, 0.9852678775787354, 0.984375, 0.9870535731315613, 0.9888392686843872, 0.989062488079071, 0.9917410612106323, 0.9912946224212646, 0.9919642806053162, 0.9926339387893677, 0.9924107193946838, 0.9897321462631226, 0.9901785850524902, 0.9906250238418579, 0.9919642806053162, 0.9917410612106323, 0.9899553656578064, 0.9924107193946838, 0.989062488079071, 0.9895089268684387, 0.9901785850524902, 0.9921875, 0.9912946224212646, 0.9941964149475098, 0.9944196343421936, 0.9946428537368774, 0.9948660731315613, 0.9944196343421936, 0.9930803775787354, 0.9941964149475098, 0.9926339387893677, 0.9930803775787354, 0.9928571581840515, 0.9912946224212646, 0.9917410612106323, 0.9921875, 0.9933035969734192, 0.9955357313156128, 0.9917410612106323, 0.9946428537368774, 0.9962053298950195, 0.9944196343421936, 0.9944196343421936, 0.9921875, 0.9924107193946838, 0.9941964149475098, 0.9924107193946838, 0.9924107193946838, 0.9937499761581421, 0.9930803775787354, 0.9959821701049805, 0.9946428537368774, 0.9957589507102966, 0.9955357313156128, 0.9944196343421936, 0.995312511920929, 0.9955357313156128, 0.9959821701049805, 0.9950892925262451, 0.9959821701049805, 0.9937499761581421, 0.9948660731315613, 0.9970982074737549, 0.9957589507102966, 0.9935267567634583], "val_loss": [1.27639639377594, 0.9034324884414673, 0.7004532814025879, 0.6510491371154785, 0.6311852335929871, 0.5436025857925415, 0.5321722030639648, 0.5112935900688171, 0.48489680886268616, 0.4601280689239502, 0.44961467385292053, 0.4755035936832428, 0.4293096959590912, 0.3974088728427887, 0.40607979893684387, 0.3914377987384796, 0.41252437233924866, 0.4461256265640259, 0.41200676560401917, 0.42887842655181885, 0.450532466173172, 0.46258774399757385, 0.4252130091190338, 0.41144829988479614, 0.40831074118614197, 0.4496889114379883, 0.4925093650817871, 0.4145956337451935, 0.4379712641239166, 0.49005812406539917, 0.512664794921875, 0.4971414804458618, 0.46545687317848206, 0.5245377421379089, 0.4378928542137146, 0.4917275607585907, 0.48932668566703796, 0.4819806218147278, 0.49622872471809387, 0.46583327651023865, 0.46268534660339355, 0.5014052391052246, 0.4981010854244232, 0.4734863340854645, 0.4477250874042511, 0.5071131587028503, 0.4953259527683258, 0.5130106806755066, 0.49545663595199585, 0.5429194569587708, 0.5318179726600647, 0.4860541820526123, 0.45487910509109497, 0.5043084621429443, 0.5409162044525146, 0.546322226524353, 0.5775114893913269, 0.5228620767593384, 0.4999637007713318, 0.5273720026016235, 0.5145909190177917, 0.5330963134765625, 0.5270658731460571, 0.525620698928833, 0.543289303779602, 0.5890995264053345, 0.5529133677482605, 0.6164975166320801, 0.5276104807853699, 0.5636193156242371, 0.5429290533065796, 0.5387707352638245, 0.5872563123703003, 0.5220966339111328, 0.5994023084640503, 0.6099445819854736, 0.550178050994873, 0.522678017616272, 0.5726417303085327, 0.5737835764884949, 0.6253523826599121, 0.5615895390510559, 0.6119226217269897, 0.6506827473640442, 0.5543285012245178, 0.5689693689346313, 0.5528990030288696, 0.6261330246925354, 0.5393142104148865, 0.5414858460426331, 0.5926274657249451, 0.6256615519523621, 0.5994755029678345, 0.6087576150894165, 0.5031854510307312, 0.4922081530094147, 0.5371543169021606, 0.5545816421508789, 0.5535410046577454, 0.5879064202308655],