{"loss": [1.3900307416915894, 0.882157027721405, 0.6293702721595764, 0.5264332890510559, 0.49509796500205994, 0.4453794062137604, 0.371439129114151, 0.33171987533569336, 0.31256869435310364, 0.26071515679359436, 0.23808495700359344, 0.2148897349834442, 0.17481060326099396, 0.150654137134552, 0.13648231327533722, 0.1153382882475853, 0.1099793091416359, 0.09664782136678696, 0.08588705956935883, 0.08035274595022202, 0.09365657716989517, 0.08785194903612137, 0.04622473940253258, 0.0681743249297142, 0.05268143489956856, 0.05389197915792465, 0.031186679378151894, 0.03489761799573898, 0.04209908843040466, 0.02210426703095436, 0.016270829364657402, 0.019922595471143723, 0.023112120106816292, 0.038041628897190094, 0.027392206713557243, 0.016818348318338394, 0.014140527695417404, 0.027918145060539246, 0.01990603841841221, 0.018959758803248405, 0.01819605380296707, 0.019773300737142563, 0.018336929380893707, 0.017481759190559387, 0.015854855999350548, 0.01105810608714819, 0.01214149221777916, 0.019972916692495346, 0.015599454753100872, 0.009497469291090965, 0.00861731544137001, 0.010504210367798805, 0.011081358417868614, 0.010831650346517563, 0.008916458114981651, 0.009347954764962196, 0.014381353743374348, 0.015481577254831791, 0.011114451102912426, 0.016695214435458183, 0.01699979230761528, 0.011994616128504276, 0.010005638934671879, 0.01865302212536335, 0.009665821678936481, 0.013956138864159584, 0.009446187876164913, 0.009106600657105446, 0.007560381665825844, 0.008426586166024208, 0.00891097728163004, 0.01219557598233223, 0.020884985104203224, 0.013002806343138218, 0.008150090463459492, 0.004887195769697428, 0.014957133680582047, 0.008238324895501137, 0.010272670537233353, 0.007120178546756506, 0.007102655246853828, 0.004381943494081497, 0.008190538734197617, 0.014919901266694069, 0.012842140160501003, 0.007984972558915615, 0.011115486733615398, 0.005155876744538546, 0.011336338706314564, 0.004678942263126373, 0.005339069291949272, 0.0037782161962240934, 0.007546675857156515, 0.007748265750706196, 0.011221085675060749, 0.009671848267316818, 0.017507405951619148, 0.0062494962476193905, 0.004709991626441479, 0.006368834059685469], "accuracy": [0.3303571343421936, 0.637499988079071, 0.746874988079071, 0.7881696224212646, 0.8120535612106323, 0.8294642567634583, 0.8558035492897034, 0.8687499761581421, 0.8741071224212646, 0.8995535969734192, 0.9091517925262451, 0.9209821224212646, 0.9323660731315613, 0.9453125, 0.9497767686843872, 0.9573660492897034, 0.9598214030265808, 0.9678571224212646, 0.9685267806053162, 0.973437488079071, 0.9667410850524902, 0.9645089507102966, 0.9852678775787354, 0.9736607074737549, 0.9830357432365417, 0.9819196462631226, 0.9895089268684387, 0.9883928298950195, 0.9830357432365417, 0.9928571581840515, 0.9950892925262451, 0.9928571581840515, 0.9933035969734192, 0.9866071343421936, 0.9901785850524902, 0.9955357313156128, 0.9955357313156128, 0.9886160492897034, 0.9937499761581421, 0.9928571581840515, 0.9944196343421936, 0.9944196343421936, 0.9939731955528259, 0.9950892925262451, 0.9941964149475098, 0.9966517686843872, 0.995312511920929, 0.9928571581840515, 0.9944196343421936, 0.9975446462631226, 0.9977678656578064, 0.9964285492897034, 0.996874988079071, 0.9966517686843872, 0.9970982074737549, 0.9966517686843872, 0.995312511920929, 0.9941964149475098, 0.9970982074737549, 0.9935267567634583, 0.9946428537368774, 0.9957589507102966, 0.9964285492897034, 0.9924107193946838, 0.9970982074737549, 0.995312511920929, 0.9973214268684387, 0.9975446462631226, 0.9966517686843872, 0.9977678656578064, 0.9973214268684387, 0.9962053298950195, 0.9937499761581421, 0.9957589507102966, 0.9979910850524902, 0.9984375238418579, 0.9948660731315613, 0.9964285492897034, 0.9966517686843872, 0.9979910850524902, 0.9970982074737549, 0.9984375238418579, 0.9984375238418579, 0.9946428537368774, 0.9955357313156128, 0.9973214268684387, 0.9964285492897034, 0.9979910850524902, 0.9955357313156128, 0.9979910850524902, 0.9982143044471741, 0.9986607432365417, 0.9973214268684387, 0.9973214268684387, 0.9970982074737549, 0.9957589507102966, 0.9944196343421936, 0.9979910850524902, 0.9979910850524902, 0.9975446462631226], "val_loss": [1.0222129821777344, 0.7755219340324402, 0.5595272183418274, 0.5573915243148804, 0.43628740310668945, 0.4480369985103607, 0.3799494206905365, 0.34714987874031067, 0.34292706847190857, 0.36742356419563293, 0.2696914076805115, 0.2461620569229126, 0.23078866302967072, 0.22568002343177795, 0.20813234150409698, 0.22034533321857452, 0.2173408716917038, 0.19066302478313446, 0.17873011529445648, 0.22347114980220795, 0.24613630771636963, 0.17761200666427612, 0.186118945479393, 0.17231613397598267, 0.24246256053447723, 0.18269574642181396, 0.19367313385009766, 0.21630482375621796, 0.16449984908103943, 0.19856658577919006, 0.1865340769290924, 0.18849822878837585, 0.1568082869052887, 0.1811016947031021, 0.1916833221912384, 0.1672031581401825, 0.18905867636203766, 0.23348604142665863, 0.18248070776462555, 0.1845192164182663, 0.19057872891426086, 0.175494983792305, 0.2873178720474243, 0.17705173790454865, 0.1746799200773239, 0.17108964920043945, 0.18861864507198334, 0.198269322514534, 0.17987871170043945, 0.17260055243968964, 0.20840251445770264, 0.17197668552398682, 0.1910332888364792, 0.20369881391525269, 0.18658773601055145, 0.19385139644145966, 0.20956943929195404, 0.20551292598247528, 0.24535323679447174, 0.19180026650428772, 0.21664397418498993, 0.20990730822086334, 0.24663491547107697, 0.20048494637012482, 0.21007712185382843, 0.2205096334218979, 0.19553183019161224, 0.19116345047950745, 0.22608081996440887, 0.2013404816389084, 0.22093775868415833, 0.2177194356918335, 0.19016285240650177, 0.18401169776916504, 0.21156401932239532, 0.1921021193265915, 0.20782095193862915, 0.2738165259361267, 0.2104295790195465, 0.1852072924375534, 0.2095365673303604, 0.18571631610393524, 0.1991634964942932, 0.20362041890621185, 0.19959788024425507, 0.22596724331378937, 0.18704135715961456, 0.22828058898448944, 0.19423174858093262, 0.19138188660144806, 0.1969098299741745, 0.21180027723312378, 0.18461264669895172, 0.23657318949699402, 0.1694624274969101, 0.20340336859226227, 0.18507203459739685, 0.1966162472963333, 0.2092960923910141, 0.20114746689796448],