{"loss": [1.3445042371749878, 0.8431789875030518, 0.6391311883926392, 0.5277523398399353, 0.4538309574127197, 0.4001818299293518, 0.35306715965270996, 0.30142733454704285, 0.2725755274295807, 0.24944736063480377, 0.22475631535053253, 0.18993543088436127, 0.1788768321275711, 0.13974015414714813, 0.13216394186019897, 0.11973432451486588, 0.10696784406900406, 0.08501604199409485, 0.10377118736505508, 0.07817867398262024, 0.0700557604432106, 0.06263300776481628, 0.04918922111392021, 0.0575861781835556, 0.047959282994270325, 0.048442110419273376, 0.047346342355012894, 0.044846754521131516, 0.035700421780347824, 0.02656845934689045, 0.02807057835161686, 0.03154047578573227, 0.025652414187788963, 0.04288247227668762, 0.025881381705403328, 0.024755187332630157, 0.014762273989617825, 0.023704173043370247], "accuracy": [0.36629465222358704, 0.6662946343421936, 0.7441964149475098, 0.7912946343421936, 0.8198660612106323, 0.8428571224212646, 0.8633928298950195, 0.8881696462631226, 0.8933035731315613, 0.90625, 0.9176339507102966, 0.9294642806053162, 0.9323660731315613, 0.9493303298950195, 0.9520089030265808, 0.9573660492897034, 0.9604910612106323, 0.9691964387893677, 0.9600446224212646, 0.9727678298950195, 0.9763392806053162, 0.9776785969734192, 0.9830357432365417, 0.9792410731315613, 0.9837053418159485, 0.9837053418159485, 0.9837053418159485, 0.9861606955528259, 0.987500011920929, 0.9919642806053162, 0.9904018044471741, 0.9892857074737549, 0.9915178418159485, 0.9857142567634583, 0.9915178418159485, 0.9926339387893677, 0.9959821701049805, 0.9921875], "val_loss": [0.987133800983429, 0.7284001111984253, 0.5750616788864136, 0.5600830912590027, 0.45582902431488037, 0.4126633405685425, 0.36451491713523865, 0.3232746720314026, 0.31465956568717957, 0.3013344407081604, 0.2764946520328522, 0.25662070512771606, 0.224068745970726, 0.2298736274242401, 0.2543555796146393, 0.20260414481163025, 0.18867847323417664, 0.23937146365642548, 0.22607176005840302, 0.1901816576719284, 0.22149530053138733, 0.18103130161762238, 0.19081278145313263, 0.14994743466377258, 0.18582749366760254, 0.18680578470230103, 0.17109279334545135, 0.1381281614303589, 0.184828519821167, 0.15392005443572998, 0.16868121922016144, 0.1741524189710617, 0.1695808619260788, 0.16771383583545685, 0.18547135591506958, 0.16771149635314941, 0.19663356244564056, 0.206863135099411], "val_accuracy": [0.6544643044471741, 0.7214285731315613, 0.7571428418159485, 0.7696428298950195, 0.8178571462631226, 0.8419643044471741, 0.856249988079071, 0.8794642686843872, 0.8794642686843872, 0.893750011920929, 0.8892857432365417, 0.9044643044471741, 0.9205357432365417, 0.918749988079071, 0.9116071462631226, 0.9267857074737549, 0.9285714030265808, 0.9285714030265808, 0.9276785850524902, 0.9348214268684387, 0.9276785850524902, 0.9401785731315613, 0.9428571462631226, 0.9526785612106323, 0.9401785731315613, 0.9464285969734192, 0.9419642686843872, 0.9571428298950195, 0.9428571462631226, 0.9553571343421936, 0.9553571343421936, 0.9482142925262451, 0.9491071701049805, 0.9482142925262451, 0.9491071701049805, 0.9464285969734192, 0.9482142925262451, 0.9437500238418579]}