{"loss": [1.256272315979004, 0.8214074373245239, 0.6479253768920898, 0.547453761100769, 0.4744974970817566, 0.40899062156677246, 0.34634098410606384, 0.3130534291267395, 0.29530373215675354, 0.2500354051589966, 0.22068841755390167, 0.18616028130054474, 0.16828273236751556, 0.15713688731193542, 0.1517351120710373, 0.11935007572174072, 0.11953151226043701, 0.11042517423629761, 0.0951291173696518, 0.09061474353075027, 0.08696933835744858, 0.07879512757062912, 0.07078272849321365, 0.06833318620920181, 0.07132566720247269, 0.05651552230119705, 0.06369169801473618, 0.05324723199009895, 0.04526466503739357, 0.041513945907354355, 0.04691481962800026, 0.04079832509160042, 0.054438188672065735, 0.04872586950659752, 0.04120725393295288, 0.04101351276040077, 0.03436901420354843, 0.03343507647514343, 0.032138191163539886, 0.030787434428930283, 0.02626183070242405, 0.028648199513554573, 0.020442914217710495, 0.029911518096923828, 0.023539993911981583, 0.02196681499481201, 0.028727974742650986, 0.032926399260759354, 0.0206618532538414, 0.021491389721632004, 0.01792764849960804, 0.017734849825501442, 0.028574040159583092, 0.020755132660269737, 0.024158433079719543, 0.014227419160306454, 0.012074044905602932, 0.020007343962788582, 0.012677227146923542, 0.016908807680010796, 0.018121939152479172, 0.014377715066075325, 0.01219931710511446, 0.015046532265841961, 0.02269946038722992, 0.01779220812022686, 0.013917791657149792, 0.018335891887545586, 0.013418170623481274, 0.012331955134868622, 0.015746086835861206, 0.010972593910992146, 0.011611898429691792, 0.010954249650239944, 0.015059341676533222, 0.018277809023857117, 0.00945146195590496, 0.015192798338830471, 0.014508463442325592, 0.010991544462740421, 0.014842811971902847, 0.026630397886037827, 0.01631346344947815, 0.016421088948845863, 0.016737546771764755, 0.024157803505659103, 0.01848427765071392, 0.01840178109705448, 0.019172245636582375, 0.015258193016052246, 0.009076252579689026, 0.01178447250276804, 0.013332968577742577, 0.007843293249607086, 0.010486483573913574, 0.01018863171339035, 0.011357218958437443, 0.008997146971523762, 0.013999806717038155, 0.016666654497385025], "accuracy": [0.4334821403026581, 0.6712053418159485, 0.7383928298950195, 0.7848214507102966, 0.8138392567634583, 0.8404017686843872, 0.8676339387893677, 0.8812500238418579, 0.8872767686843872, 0.9044643044471741, 0.9131696224212646, 0.9312499761581421, 0.934374988079071, 0.9419642686843872, 0.942187488079071, 0.9580357074737549, 0.9522321224212646, 0.9598214030265808, 0.9658482074737549, 0.9658482074737549, 0.9705356955528259, 0.9716517925262451, 0.9761160612106323, 0.9732142686843872, 0.9716517925262451, 0.981249988079071, 0.9774553775787354, 0.9821428656578064, 0.9830357432365417, 0.9857142567634583, 0.9816964268684387, 0.9848214387893677, 0.9810267686843872, 0.9816964268684387, 0.9854910969734192, 0.9861606955528259, 0.9879464507102966, 0.9892857074737549, 0.987500011920929, 0.9904018044471741, 0.9915178418159485, 0.989062488079071, 0.9930803775787354, 0.9904018044471741, 0.9915178418159485, 0.9924107193946838, 0.9899553656578064, 0.9881696701049805, 0.9933035969734192, 0.9933035969734192, 0.9939731955528259, 0.9939731955528259, 0.9886160492897034, 0.9928571581840515, 0.9915178418159485, 0.9959821701049805, 0.9962053298950195, 0.9939731955528259, 0.9957589507102966, 0.9944196343421936, 0.9944196343421936, 0.9950892925262451, 0.9964285492897034, 0.9948660731315613, 0.9924107193946838, 0.9941964149475098, 0.9957589507102966, 0.9937499761581421, 0.9948660731315613, 0.9962053298950195, 0.9937499761581421, 0.9955357313156128, 0.9959821701049805, 0.9964285492897034, 0.9937499761581421, 0.9930803775787354, 0.9970982074737549, 0.9946428537368774, 0.9950892925262451, 0.9959821701049805, 0.995312511920929, 0.9906250238418579, 0.9937499761581421, 0.9937499761581421, 0.9941964149475098, 0.9921875, 0.9933035969734192, 0.9946428537368774, 0.9930803775787354, 0.9957589507102966, 0.9970982074737549, 0.9962053298950195, 0.9957589507102966, 0.9973214268684387, 0.9966517686843872, 0.9959821701049805, 0.9962053298950195, 0.9970982074737549, 0.9944196343421936, 0.9937499761581421], "val_loss": [0.916354238986969, 0.686006486415863, 0.5775270462036133, 0.5107473731040955, 0.4739687144756317, 0.39549416303634644, 0.3778393566608429, 0.35652199387550354, 0.3750128448009491, 0.3500572144985199, 0.34311312437057495, 0.3375232219696045, 0.3502102494239807, 0.3298632502555847, 0.34647560119628906, 0.369352251291275, 0.3365200161933899, 0.34107160568237305, 0.3789774477481842, 0.37829843163490295, 0.38650256395339966, 0.3537994921207428, 0.35461553931236267, 0.3723093569278717, 0.374967485666275, 0.3828822374343872, 0.3806338310241699, 0.4207412302494049, 0.3779967129230499, 0.4247751533985138, 0.4249996542930603, 0.40146857500076294, 0.4308052659034729, 0.4107908606529236, 0.413202166557312, 0.43318748474121094, 0.401318222284317, 0.4360523223876953, 0.4429915249347687, 0.42550817131996155, 0.4385307729244232, 0.4506351351737976, 0.44175657629966736, 0.45447397232055664, 0.42082107067108154, 0.46850401163101196, 0.48044541478157043, 0.38384464383125305, 0.41074928641319275, 0.4700852036476135, 0.3981182873249054, 0.4288541376590729, 0.456543505191803, 0.44470179080963135, 0.4752039313316345, 0.4665166139602661, 0.48486438393592834, 0.41160181164741516, 0.4014109969139099, 0.4517897069454193, 0.41512036323547363, 0.40795883536338806, 0.41795626282691956, 0.41699331998825073, 0.44730377197265625, 0.4799409508705139, 0.443945050239563, 0.44830310344696045, 0.45398080348968506, 0.44766321778297424, 0.4573397636413574, 0.47847917675971985, 0.4949786067008972, 0.48804348707199097, 0.5236177444458008, 0.4894329011440277, 0.4502983093261719, 0.4676115810871124, 0.47673094272613525, 0.48976942896842957, 0.4910520911216736, 0.4371952712535858, 0.45692571997642517, 0.4718228876590729, 0.5754575729370117, 0.46091732382774353, 0.4691416621208191, 0.49969717860221863, 0.5085936784744263, 0.4946992099285126, 0.4842454195022583, 0.5153915882110596, 0.48950695991516113, 0.4982469379901886, 0.4734775125980377, 0.5099484324455261, 0.48477765917778015, 0.5441239476203918, 0.4810059666633606, 0.5266205668449402],