{"loss": [1.3246219158172607, 0.8325250148773193, 0.6285667419433594, 0.5137751698493958, 0.446694940328598, 0.405023455619812, 0.3426409065723419, 0.2880779802799225, 0.2652847468852997, 0.24093842506408691, 0.2012161910533905, 0.1748359054327011, 0.15524248778820038, 0.13474218547344208, 0.14968329668045044, 0.1073620393872261, 0.08106881380081177, 0.08496890217065811, 0.07439965009689331, 0.09081225097179413, 0.06652354449033737, 0.06228623911738396, 0.060460370033979416, 0.06142610311508179, 0.040747519582509995, 0.046844422817230225, 0.03452563285827637, 0.04333391413092613, 0.031183550134301186, 0.03650885447859764, 0.025845617055892944, 0.03939203917980194, 0.02555358037352562, 0.025518424808979034, 0.022543007507920265, 0.021229848265647888, 0.01646207459270954, 0.013814704492688179, 0.01360064186155796, 0.017081284895539284, 0.04291648790240288, 0.013602836057543755, 0.016260351985692978, 0.016214311122894287, 0.011095794849097729, 0.007845072075724602, 0.008692129515111446, 0.015699783340096474, 0.022983308881521225, 0.0169791541993618, 0.02734578773379326, 0.01159250270575285, 0.01455215085297823, 0.009688061662018299, 0.01068776287138462, 0.01374905090779066, 0.011400524526834488, 0.00750656658783555, 0.0065452950075268745, 0.008261004462838173, 0.010491495952010155, 0.015239140018820763, 0.019231898710131645, 0.023947320878505707, 0.01753108762204647, 0.009752004407346249, 0.009887267835438251, 0.01786997728049755, 0.016171559691429138, 0.012516655027866364, 0.013658953830599785, 0.007332937326282263, 0.004483951721340418, 0.0031609060242772102, 0.005987827200442553, 0.03506377339363098, 0.017274627462029457, 0.008828907273709774, 0.004105492495000362, 0.006585337221622467, 0.004498991183936596, 0.006650111172348261, 0.004537157714366913, 0.008983966894447803, 0.013661617413163185, 0.009653185494244099, 0.0068242307752370834, 0.007696407847106457, 0.007481147535145283, 0.008058116771280766, 0.004825047682970762, 0.007655507419258356, 0.01147983968257904, 0.008625425398349762, 0.011176301166415215, 0.008657680824398994, 0.006514987908303738, 0.0081338407471776, 0.004434656351804733, 0.007794233039021492], "accuracy": [0.38080358505249023, 0.6620535850524902, 0.7448660731315613, 0.793749988079071, 0.8238839507102966, 0.8459821343421936, 0.8707589507102966, 0.8919642567634583, 0.8999999761581421, 0.9091517925262451, 0.9279018044471741, 0.9361607432365417, 0.9453125, 0.9515625238418579, 0.9428571462631226, 0.9616071581840515, 0.9725446701049805, 0.9698660969734192, 0.9736607074737549, 0.9689732193946838, 0.9763392806053162, 0.9776785969734192, 0.9776785969734192, 0.9776785969734192, 0.9863839149475098, 0.9830357432365417, 0.9879464507102966, 0.9837053418159485, 0.9892857074737549, 0.9881696701049805, 0.9917410612106323, 0.9845982193946838, 0.9921875, 0.9908482432365417, 0.9928571581840515, 0.9928571581840515, 0.995312511920929, 0.9964285492897034, 0.9955357313156128, 0.9937499761581421, 0.9839285612106323, 0.9957589507102966, 0.9948660731315613, 0.9937499761581421, 0.996874988079071, 0.9970982074737549, 0.996874988079071, 0.9941964149475098, 0.9915178418159485, 0.995312511920929, 0.989062488079071, 0.9966517686843872, 0.995312511920929, 0.996874988079071, 0.9962053298950195, 0.9957589507102966, 0.996874988079071, 0.9966517686843872, 0.9982143044471741, 0.9973214268684387, 0.9959821701049805, 0.995312511920929, 0.9935267567634583, 0.9921875, 0.9935267567634583, 0.9966517686843872, 0.9964285492897034, 0.9935267567634583, 0.9948660731315613, 0.9950892925262451, 0.9948660731315613, 0.9975446462631226, 0.9988839030265808, 0.9993303418159485, 0.9977678656578064, 0.9868303537368774, 0.9944196343421936, 0.9975446462631226, 0.9986607432365417, 0.9977678656578064, 0.9988839030265808, 0.9977678656578064, 0.9988839030265808, 0.9975446462631226, 0.9946428537368774, 0.9964285492897034, 0.9982143044471741, 0.996874988079071, 0.9970982074737549, 0.9975446462631226, 0.9979910850524902, 0.9973214268684387, 0.9957589507102966, 0.9970982074737549, 0.9964285492897034, 0.9964285492897034, 0.996874988079071, 0.9973214268684387, 0.9982143044471741, 0.9970982074737549], "val_loss": [0.9594096541404724, 0.6444475054740906, 0.580138087272644, 0.47943463921546936, 0.4318397641181946, 0.3881184458732605, 0.3589266538619995, 0.31639617681503296, 0.2873828113079071, 0.3053475320339203, 0.25118228793144226, 0.23787182569503784, 0.21463382244110107, 0.22728770971298218, 0.26476016640663147, 0.18361960351467133, 0.18793518841266632, 0.21380780637264252, 0.20152682065963745, 0.19573107361793518, 0.18092189729213715, 0.20572449266910553, 0.17033885419368744, 0.2126331627368927, 0.1861726939678192, 0.18347692489624023, 0.2272338718175888, 0.1699015498161316, 0.17442719638347626, 0.19502763450145721, 0.14761106669902802, 0.18948966264724731, 0.15678317844867706, 0.17668867111206055, 0.14439810812473297, 0.1787155568599701, 0.17239995300769806, 0.1841340810060501, 0.18302106857299805, 0.18806146085262299, 0.18919096887111664, 0.16308417916297913, 0.1576513797044754, 0.15787465870380402, 0.19323112070560455, 0.19778130948543549, 0.19837290048599243, 0.24844755232334137, 0.21815434098243713, 0.19065804779529572, 0.1937602311372757, 0.17367614805698395, 0.19335703551769257, 0.19382885098457336, 0.19849802553653717, 0.2216988354921341, 0.15957589447498322, 0.21506041288375854, 0.17595265805721283, 0.16952113807201385, 0.19439814984798431, 0.20035311579704285, 0.2100653052330017, 0.16146206855773926, 0.1447603553533554, 0.1711103320121765, 0.17576143145561218, 0.123000867664814, 0.17190897464752197, 0.15575768053531647, 0.1678672432899475, 0.15462777018547058, 0.14839112758636475, 0.1593838930130005, 0.18899543583393097, 0.2004384547472, 0.1619463711977005, 0.15540385246276855, 0.20359915494918823, 0.1833498477935791, 0.17048820853233337, 0.20531363785266876, 0.161800816655159, 0.21879954636096954, 0.24324949085712433, 0.14322343468666077, 0.13468606770038605, 0.18364597856998444, 0.19860462844371796, 0.13774269819259644, 0.1771836131811142, 0.20828644931316376, 0.1657554805278778, 0.18357881903648376, 0.1763443946838379, 0.1910807341337204, 0.15795747935771942, 0.16355204582214355, 0.19990265369415283, 0.18723641335964203],