{"loss": [1.3519738912582397, 1.1926512718200684, 0.9870687127113342, 0.8520163893699646, 0.7816570401191711, 0.7293626070022583, 0.6934430003166199, 0.6625164747238159, 0.6411357522010803, 0.6148714423179626, 0.5938323736190796, 0.5723587870597839, 0.5567731261253357, 0.5383628010749817, 0.5252594947814941, 0.5100176930427551, 0.4975092113018036, 0.48420578241348267, 0.47223058342933655, 0.4611268639564514, 0.449462890625, 0.4389885365962982, 0.42740631103515625, 0.4208763539791107, 0.4101557433605194, 0.40134096145629883, 0.39606237411499023, 0.3870985209941864, 0.3726833760738373, 0.3673100173473358, 0.35716772079467773, 0.349756121635437, 0.33923956751823425, 0.33219242095947266, 0.32666248083114624, 0.3145963251590729, 0.3122652769088745, 0.2997446656227112, 0.2981155812740326, 0.2955473065376282, 0.2833651006221771, 0.2724784314632416, 0.26585301756858826, 0.25832343101501465, 0.255968302488327, 0.24609240889549255, 0.23967666923999786, 0.23183315992355347, 0.22714689373970032, 0.22819696366786957, 0.21850813925266266, 0.20821397006511688, 0.20469942688941956, 0.19642722606658936, 0.1942022740840912, 0.18849225342273712, 0.18146298825740814, 0.17936986684799194, 0.17012909054756165, 0.16737425327301025, 0.1615905463695526, 0.15582063794136047, 0.15074224770069122, 0.14977896213531494, 0.14261136949062347, 0.13929349184036255, 0.1396612823009491, 0.13151457905769348, 0.12967443466186523, 0.1251208782196045, 0.11861182749271393, 0.11658311635255814, 0.118949294090271, 0.1124139204621315, 0.11297263205051422, 0.10660065710544586, 0.10612798482179642, 0.09896914660930634, 0.10576987266540527, 0.10016022622585297, 0.09211378544569016, 0.08946173638105392, 0.08814874291419983, 0.08616188913583755, 0.07905472069978714, 0.07935533672571182], "accuracy": [0.3716517984867096, 0.5524553656578064, 0.6446428298950195, 0.6930803656578064, 0.7118303775787354, 0.7270089387893677, 0.7397321462631226, 0.7473214268684387, 0.7515624761581421, 0.7600446343421936, 0.7705357074737549, 0.7814732193946838, 0.7839285731315613, 0.7953125238418579, 0.7984374761581421, 0.8071428537368774, 0.8185268044471741, 0.8200892806053162, 0.8229910731315613, 0.8308035731315613, 0.8323660492897034, 0.8392857313156128, 0.8466517925262451, 0.8444196581840515, 0.8479910492897034, 0.8529017567634583, 0.8553571701049805, 0.8555803298950195, 0.8676339387893677, 0.8645089268684387, 0.8709821701049805, 0.8732143044471741, 0.8774553537368774, 0.8823660612106323, 0.8821428418159485, 0.8917410969734192, 0.8892857432365417, 0.8995535969734192, 0.8968750238418579, 0.8986607193946838, 0.9066964387893677, 0.9073660969734192, 0.9075892567634583, 0.9162946343421936, 0.9160714149475098, 0.9205357432365417, 0.9198660850524902, 0.9267857074737549, 0.9283482432365417, 0.9225446581840515, 0.9308035969734192, 0.932812511920929, 0.9345982074737549, 0.9370535612106323, 0.9381696581840515, 0.9435268044471741, 0.9410714507102966, 0.9439732432365417, 0.9486607313156128, 0.9462053775787354, 0.9508928656578064, 0.9526785612106323, 0.9560267925262451, 0.9544642567634583, 0.9582589268684387, 0.9602678418159485, 0.9580357074737549, 0.9613839387893677, 0.9613839387893677, 0.9631696343421936, 0.9683035612106323, 0.9707589149475098, 0.9665178656578064, 0.9705356955528259, 0.9674107432365417, 0.9716517925262451, 0.9716517925262451, 0.9747768044471741, 0.9725446701049805, 0.9720982313156128, 0.9772321581840515, 0.9774553775787354, 0.9770089387893677, 0.9779017567634583, 0.9816964268684387, 0.9814732074737549], "val_loss": [1.288429856300354, 1.084254503250122, 0.9165557026863098, 0.8306931853294373, 0.7830429673194885, 0.7500938773155212, 0.7216989398002625, 0.7199865579605103, 0.6815891861915588, 0.6679784655570984, 0.649337887763977, 0.6435415148735046, 0.6210901737213135, 0.6111223101615906, 0.6012891530990601, 0.5950397849082947, 0.5787763595581055, 0.5730578899383545, 0.5831506252288818, 0.560011625289917, 0.5507411956787109, 0.5396397709846497, 0.5351540446281433, 0.5346839427947998, 0.5229089856147766, 0.5354987382888794, 0.5255921483039856, 0.4995765686035156, 0.4983101487159729, 0.4900355339050293, 0.49767282605171204, 0.47381591796875, 0.47118714451789856, 0.4653445780277252, 0.4659149646759033, 0.45395588874816895, 0.46865004301071167, 0.44780290126800537, 0.446257084608078, 0.4511421024799347, 0.4328653812408447, 0.4303419291973114, 0.4216555058956146, 0.43680524826049805, 0.41420337557792664, 0.41520577669143677, 0.402996689081192, 0.4121178388595581, 0.3974626660346985, 0.4119386374950409, 0.3941127359867096, 0.3886260390281677, 0.3937338590621948, 0.39211320877075195, 0.38378697633743286, 0.38258832693099976, 0.3957679271697998, 0.3769480586051941, 0.385175496339798, 0.3906044363975525, 0.3935745656490326, 0.3806919455528259, 0.37472352385520935, 0.3766690492630005, 0.3859511613845825, 0.39607346057891846, 0.373399019241333, 0.3753534257411957, 0.3801271617412567, 0.36880698800086975, 0.36883676052093506, 0.400760680437088, 0.38404226303100586, 0.3849823772907257, 0.3664594888687134, 0.3616464138031006, 0.3710646629333496, 0.3728555738925934, 0.3912922739982605, 0.3757154643535614, 0.3691047430038452, 0.3680620789527893, 0.3812349736690521, 0.3687773644924164, 0.37067556381225586, 0.36989927291870117], "val_accuracy": [0.3991071283817291, 0.5973214507102966, 0.6544643044471741, 0.6866071224212646, 0.6964285969734192, 0.7089285850524902, 0.7196428775787354, 0.7124999761581421, 0.731249988079071, 0.7339285612106323, 0.7392857074737549, 0.7553571462631226, 0.7589285969734192, 0.7660714387893677, 0.7651785612106323, 0.7651785612106323, 0.7642857432365417, 0.7714285850524902, 0.7669642567634583, 0.7696428298950195, 0.7803571224212646, 0.7866071462631226, 0.7875000238418579, 0.7821428775787354, 0.7901785969734192, 0.7919642925262451, 0.7928571701049805, 0.8026785850524902, 0.8089285492897034, 0.8044642806053162, 0.8062499761581421, 0.8196428418159485, 0.8205357193946838, 0.8223214149475098, 0.8223214149475098, 0.8267857432365417, 0.8178571462631226, 0.8303571343421936, 0.8276785612106323, 0.8339285850524902, 0.8383928537368774, 0.8330357074737549, 0.84375, 0.8383928537368774, 0.8366071581840515, 0.8491071462631226, 0.8464285731315613, 0.8428571224212646, 0.8491071462631226, 0.8464285731315613, 0.8580357432365417, 0.8607142567634583, 0.8553571701049805, 0.8535714149475098, 0.8616071343421936, 0.8669642806053162, 0.8553571701049805, 0.8660714030265808, 0.8580357432365417, 0.8598214387893677, 0.862500011920929, 0.8669642806053162, 0.8651785850524902, 0.8696428537368774, 0.8633928298950195, 0.862500011920929, 0.8642857074737549, 0.8669642806053162, 0.8714285492897034, 0.8741071224212646, 0.8741071224212646, 0.8544642925262451, 0.8678571581840515, 0.8642857074737549, 0.8714285492897034, 0.8767856955528259, 0.8660714030265808, 0.8687499761581421, 0.8607142567634583, 0.8696428537368774, 0.8794642686843872, 0.8758928775787354, 0.8741071224212646, 0.8776785731315613, 0.8723214268684387, 0.8821428418159485]}