{"loss": [1.32896089553833, 1.1535303592681885, 0.9881720542907715, 0.8575165271759033, 0.7682696580886841, 0.6980727910995483, 0.6399226784706116, 0.5934580564498901, 0.5543720126152039, 0.519119381904602, 0.48914703726768494, 0.460762083530426, 0.4383814334869385, 0.41060885787010193, 0.387744277715683, 0.36550021171569824, 0.34474584460258484, 0.3239620327949524, 0.3049289286136627, 0.2907417416572571, 0.2687557637691498, 0.2559328079223633, 0.23889926075935364, 0.22412043809890747, 0.20973242819309235, 0.19718745350837708, 0.18370546400547028, 0.17076946794986725, 0.16016025841236115, 0.15203432738780975, 0.1413555145263672, 0.13376180827617645, 0.12460058927536011, 0.11505776643753052, 0.11049074679613113, 0.10103533416986465, 0.09518520534038544, 0.08798408508300781, 0.0839008092880249, 0.08340847492218018, 0.07341335713863373, 0.06716880202293396, 0.06278756260871887, 0.05966837704181671, 0.056100375950336456, 0.051429539918899536, 0.04871608689427376, 0.04642638936638832, 0.04311269149184227, 0.04050878435373306, 0.03897981345653534, 0.036367349326610565, 0.03387599065899849, 0.03230973705649376, 0.030150825157761574, 0.028194278478622437, 0.027060814201831818, 0.025340771302580833, 0.024267464876174927, 0.023200945928692818, 0.022296462208032608, 0.021737772971391678, 0.019671639427542686, 0.01947500929236412, 0.018539858981966972, 0.017713768407702446, 0.01716519147157669, 0.016672618687152863, 0.015059382654726505, 0.01421693991869688, 0.013509034179151058, 0.013281188905239105, 0.012899842113256454, 0.012279913760721684, 0.011651948094367981, 0.010973750613629818, 0.010911324992775917, 0.011081562377512455, 0.010301468893885612, 0.009775940328836441, 0.009449387900531292, 0.009233466349542141, 0.008466152474284172, 0.008214250206947327, 0.008244293741881847, 0.007786620408296585, 0.008274871855974197, 0.007769179530441761, 0.006958669051527977, 0.007103609852492809, 0.006794992368668318, 0.006225976627320051, 0.006580948829650879, 0.005758598446846008, 0.005847536493092775, 0.005803351756185293, 0.0053964704275131226, 0.0055282688699662685, 0.0051257736049592495, 0.0054380157962441444], "accuracy": [0.4426339268684387, 0.5854910612106323, 0.6502231955528259, 0.6758928298950195, 0.7006696462631226, 0.7323660850524902, 0.7558035850524902, 0.7796875238418579, 0.7944196462631226, 0.8089285492897034, 0.8227678537368774, 0.831250011920929, 0.8453124761581421, 0.8508928418159485, 0.8633928298950195, 0.8734375238418579, 0.8830357193946838, 0.8921874761581421, 0.8999999761581421, 0.9053571224212646, 0.9156249761581421, 0.9185267686843872, 0.9247767925262451, 0.9325892925262451, 0.9392856955528259, 0.9426339268684387, 0.9495535492897034, 0.9537946581840515, 0.957812488079071, 0.9636160731315613, 0.9651785492897034, 0.9667410850524902, 0.9723214507102966, 0.9747768044471741, 0.9741071462631226, 0.9794642925262451, 0.981249988079071, 0.9821428656578064, 0.9839285612106323, 0.9839285612106323, 0.9852678775787354, 0.9868303537368774, 0.9892857074737549, 0.9886160492897034, 0.9910714030265808, 0.9919642806053162, 0.9915178418159485, 0.9919642806053162, 0.9928571581840515, 0.9928571581840515, 0.9939731955528259, 0.9937499761581421, 0.9941964149475098, 0.9950892925262451, 0.9946428537368774, 0.9955357313156128, 0.9950892925262451, 0.995312511920929, 0.9959821701049805, 0.9957589507102966, 0.995312511920929, 0.9970982074737549, 0.9966517686843872, 0.9973214268684387, 0.9966517686843872, 0.9964285492897034, 0.9973214268684387, 0.9973214268684387, 0.9973214268684387, 0.9977678656578064, 0.9977678656578064, 0.9977678656578064, 0.9982143044471741, 0.9988839030265808, 0.9984375238418579, 0.9988839030265808, 0.9982143044471741, 0.9984375238418579, 0.9991071224212646, 0.9988839030265808, 0.9988839030265808, 0.9991071224212646, 0.9991071224212646, 0.9993303418159485, 0.9984375238418579, 0.9993303418159485, 0.9986607432365417, 0.9988839030265808, 0.9993303418159485, 0.9993303418159485, 0.9991071224212646, 0.9995535612106323, 0.9986607432365417, 0.9995535612106323, 0.9993303418159485, 0.9995535612106323, 0.9995535612106323, 0.9995535612106323, 0.9993303418159485, 0.9991071224212646], "val_loss": [1.2355295419692993, 1.0740597248077393, 0.9336296916007996, 0.8361769318580627, 0.777307391166687, 0.7268776297569275, 0.6920276284217834, 0.6694985628128052, 0.6475326418876648, 0.6345518231391907, 0.6202500462532043, 0.6164032220840454, 0.600986123085022, 0.595168948173523, 0.5874403715133667, 0.5797736644744873, 0.5846880078315735, 0.5708515048027039, 0.5694202780723572, 0.5673405528068542, 0.5568651556968689, 0.5644717812538147, 0.5652425289154053, 0.5630766749382019, 0.5623346567153931, 0.5764852166175842, 0.5729199647903442, 0.5765154361724854, 0.5835059285163879, 0.575748860836029, 0.5869290828704834, 0.6025575399398804, 0.6025767922401428, 0.6038315296173096, 0.6278188824653625, 0.6233876943588257, 0.6446674466133118, 0.6513711810112, 0.6650897860527039, 0.6685638427734375, 0.6714237928390503, 0.6823396682739258, 0.6963388323783875, 0.7140972018241882, 0.7218307256698608, 0.7305640578269958, 0.7436684966087341, 0.7581121325492859, 0.7628902792930603, 0.7822872400283813, 0.7946767807006836, 0.8084723949432373, 0.814269483089447, 0.8248867392539978, 0.8342090249061584, 0.8513069152832031, 0.8555352091789246, 0.8718442916870117, 0.8764678239822388, 0.8848037123680115, 0.9096992611885071, 0.910844624042511, 0.9197003841400146, 0.9325583577156067, 0.9333736896514893, 0.9388808012008667, 0.9653193950653076, 0.9654532074928284, 0.9783451557159424, 0.9791466593742371, 0.9884352684020996, 1.006155014038086, 1.0126515626907349, 1.0225796699523926, 1.0228685140609741, 1.0378007888793945, 1.050337791442871, 1.0630546808242798, 1.0643186569213867, 1.0739212036132812, 1.0839346647262573, 1.0848808288574219, 1.086573600769043, 1.0979996919631958, 1.1099683046340942, 1.114072561264038, 1.115414023399353, 1.1286019086837769, 1.1314934492111206, 1.143907070159912, 1.149391531944275, 1.1510587930679321, 1.1593643426895142, 1.1641497611999512, 1.1729778051376343, 1.1851304769515991, 1.191067099571228, 1.1935207843780518, 1.1991788148880005, 1.2192693948745728],