{"loss": [1.3205628395080566, 1.1179219484329224, 0.9264030456542969, 0.7876527905464172, 0.7073556184768677, 0.64873868227005, 0.6087040305137634, 0.5741994380950928, 0.5529313683509827, 0.5245552062988281, 0.504835307598114, 0.48376068472862244, 0.46439579129219055, 0.4539966285228729, 0.4374103844165802, 0.4178222119808197, 0.4028541147708893, 0.3896421194076538, 0.3754958510398865, 0.36500659584999084, 0.351929247379303, 0.33835044503211975, 0.3261256217956543, 0.31178784370422363, 0.3003506362438202, 0.2908024191856384, 0.28862592577934265, 0.2781391143798828, 0.2610524892807007, 0.2526489198207855, 0.24183106422424316, 0.23875486850738525, 0.22936905920505524, 0.22309796512126923, 0.2178339660167694, 0.20920199155807495, 0.2029084414243698, 0.19097290933132172, 0.1878141462802887, 0.18585197627544403, 0.17379546165466309, 0.1648913025856018, 0.15781104564666748, 0.15609022974967957, 0.1490420252084732, 0.14177118241786957, 0.13539452850818634, 0.13235224783420563, 0.12787367403507233, 0.13886819779872894, 0.13342371582984924, 0.1136183962225914, 0.11069777607917786, 0.10880322009325027, 0.10407456010580063, 0.10120825469493866, 0.09590092301368713, 0.09577981382608414, 0.08927988260984421, 0.08569648116827011, 0.08385155349969864, 0.08005621284246445, 0.07750914990901947, 0.07622300833463669, 0.07124803960323334, 0.07061285525560379, 0.06975926458835602, 0.06337454169988632, 0.06239686161279678, 0.060507528483867645, 0.056219279766082764, 0.0554170086979866, 0.05762765184044838, 0.05488916113972664, 0.05832180380821228, 0.059920091181993484, 0.05406035855412483, 0.044289205223321915, 0.050352632999420166, 0.04394809529185295, 0.04150126501917839, 0.03805020451545715, 0.037460584193468094, 0.03643304109573364, 0.03444333374500275, 0.032789792865514755, 0.030705003067851067, 0.029623812064528465, 0.02853403426706791, 0.029054703190922737, 0.02661687135696411, 0.02513284422457218, 0.02614440768957138, 0.023769458755850792, 0.02311253361403942, 0.022843850776553154, 0.02114507555961609, 0.020090382546186447, 0.020496293902397156, 0.018871311098337173], "accuracy": [0.3287946283817291, 0.5772321224212646, 0.6700893044471741, 0.7149553298950195, 0.7361606955528259, 0.7584821581840515, 0.7734375, 0.7863839268684387, 0.7895089387893677, 0.807812511920929, 0.8160714507102966, 0.8227678537368774, 0.831250011920929, 0.8354910612106323, 0.8374999761581421, 0.8493303656578064, 0.8535714149475098, 0.8636160492897034, 0.8678571581840515, 0.8709821701049805, 0.8738839030265808, 0.8839285969734192, 0.8910714387893677, 0.8957589268684387, 0.8995535969734192, 0.9024553298950195, 0.9022321701049805, 0.901562511920929, 0.9154017567634583, 0.9174107313156128, 0.925000011920929, 0.9198660850524902, 0.9216517806053162, 0.9238839149475098, 0.9316964149475098, 0.9316964149475098, 0.9350446462631226, 0.9366071224212646, 0.9399553537368774, 0.9404017925262451, 0.9457589387893677, 0.9466517567634583, 0.9526785612106323, 0.9508928656578064, 0.9558035731315613, 0.9604910612106323, 0.9591518044471741, 0.9631696343421936, 0.9631696343421936, 0.9580357074737549, 0.9595982432365417, 0.9700892567634583, 0.9700892567634583, 0.9720982313156128, 0.9729910492897034, 0.9732142686843872, 0.9763392806053162, 0.9754464030265808, 0.9790178537368774, 0.9794642925262451, 0.9823660850524902, 0.9825893044471741, 0.9828125238418579, 0.9841517806053162, 0.9863839149475098, 0.9861606955528259, 0.9852678775787354, 0.9879464507102966, 0.9892857074737549, 0.9886160492897034, 0.9910714030265808, 0.9906250238418579, 0.9879464507102966, 0.9886160492897034, 0.9866071343421936, 0.9848214387893677, 0.9870535731315613, 0.9928571581840515, 0.9888392686843872, 0.9928571581840515, 0.9930803775787354, 0.9944196343421936, 0.9939731955528259, 0.9946428537368774, 0.9959821701049805, 0.9962053298950195, 0.9966517686843872, 0.9964285492897034, 0.996874988079071, 0.9959821701049805, 0.9973214268684387, 0.9973214268684387, 0.996874988079071, 0.9973214268684387, 0.9977678656578064, 0.9977678656578064, 0.9979910850524902, 0.9984375238418579, 0.9984375238418579, 0.9984375238418579], "val_loss": [1.2196497917175293, 1.0143216848373413, 0.8567609786987305, 0.7575174570083618, 0.711197555065155, 0.6700748801231384, 0.6467186212539673, 0.6371480226516724, 0.607426643371582, 0.5952831506729126, 0.5804166197776794, 0.5742690563201904, 0.5562012195587158, 0.549915611743927, 0.5386430025100708, 0.5257278680801392, 0.5082682371139526, 0.5030021071434021, 0.5300391316413879, 0.48883721232414246, 0.4732040464878082, 0.4765945374965668, 0.4653926193714142, 0.4617363512516022, 0.44414401054382324, 0.4509832262992859, 0.4836920499801636, 0.4215121269226074, 0.422420471906662, 0.4125797748565674, 0.4216807186603546, 0.4031934142112732, 0.3995043635368347, 0.39774203300476074, 0.39180073142051697, 0.39888861775398254, 0.40362799167633057, 0.3885821998119354, 0.40267670154571533, 0.38679733872413635, 0.39605262875556946, 0.38454926013946533, 0.3808644115924835, 0.3918326795101166, 0.37575864791870117, 0.375462144613266, 0.37966397404670715, 0.3805947005748749, 0.3684070408344269, 0.43768078088760376, 0.3738594651222229, 0.3704923689365387, 0.3803253769874573, 0.3702745735645294, 0.3653112053871155, 0.3661990761756897, 0.39545345306396484, 0.3787311017513275, 0.37335848808288574, 0.3814336359500885, 0.3951125144958496, 0.3817151188850403, 0.3897211253643036, 0.38256222009658813, 0.37942424416542053, 0.3973902463912964, 0.3795584440231323, 0.3839878737926483, 0.39166101813316345, 0.3842791020870209, 0.38459891080856323, 0.41729089617729187, 0.4116470515727997, 0.4199215769767761, 0.42595404386520386, 0.387614905834198, 0.38493308424949646, 0.4034081995487213, 0.39967119693756104, 0.39506784081459045, 0.40112772583961487, 0.398727148771286, 0.4054322838783264, 0.4157429039478302, 0.40480276942253113, 0.4138277769088745, 0.41459402441978455, 0.41180118918418884, 0.41805151104927063, 0.41686099767684937, 0.4211443066596985, 0.42386555671691895, 0.42871230840682983, 0.43716567754745483, 0.4339551031589508, 0.43047794699668884, 0.440885066986084, 0.4454001188278198, 0.4454500675201416, 0.4397711157798767],