{"loss": [1.3423447608947754, 1.1387470960617065, 0.8888986110687256, 0.7203660607337952, 0.6235101819038391, 0.5531243085861206, 0.4980446398258209, 0.4486628472805023, 0.4092999994754791, 0.37040576338768005, 0.34250161051750183, 0.3099442422389984, 0.28174498677253723, 0.25994738936424255, 0.23821187019348145, 0.21959178149700165, 0.19799529016017914, 0.18454509973526, 0.1661490797996521, 0.15553390979766846, 0.14468789100646973, 0.1308736354112625, 0.11835027486085892, 0.10959061980247498], "accuracy": [0.4828124940395355, 0.6082589030265808, 0.6756696701049805, 0.7131696343421936, 0.7486607432365417, 0.7767857313156128, 0.7984374761581421, 0.8238839507102966, 0.8359375, 0.8595982193946838, 0.8696428537368774, 0.887499988079071, 0.8948660492897034, 0.9129464030265808, 0.917187511920929, 0.9270089268684387, 0.9395089149475098, 0.9426339268684387, 0.9497767686843872, 0.9526785612106323, 0.9558035731315613, 0.9622767567634583, 0.9694196581840515, 0.9732142686843872], "val_loss": [1.2606000900268555, 1.0134745836257935, 0.8135067224502563, 0.7145901322364807, 0.6633504033088684, 0.6345804333686829, 0.603913426399231, 0.5979412794113159, 0.5753762722015381, 0.5671198964118958, 0.5573321580886841, 0.5617246627807617, 0.5548148155212402, 0.5528538227081299, 0.5619717240333557, 0.5655527710914612, 0.5659684538841248, 0.5688948631286621, 0.5780598521232605, 0.5898025631904602, 0.5988505482673645, 0.6035519242286682, 0.6356256604194641, 0.6372339129447937], "val_accuracy": [0.5785714387893677, 0.6508928537368774, 0.6642857193946838, 0.7178571224212646, 0.7258928418159485, 0.731249988079071, 0.7446428537368774, 0.7491071224212646, 0.762499988079071, 0.7544642686843872, 0.7598214149475098, 0.7580357193946838, 0.7723214030265808, 0.7705357074737549, 0.7758928537368774, 0.7714285850524902, 0.7785714268684387, 0.78125, 0.7776785492897034, 0.7821428775787354, 0.7732142806053162, 0.7803571224212646, 0.7857142686843872, 0.7821428775787354]}