{"loss": [1.3519738912582397, 1.1926512718200684, 0.9870687127113342, 0.852016270160675, 0.7816570401191711, 0.7293626070022583, 0.6934431195259094, 0.6625162959098816, 0.6411358118057251, 0.6148716807365417, 0.5938320159912109, 0.5723590850830078, 0.5567736625671387, 0.5383594036102295, 0.5252642035484314, 0.5100109577178955, 0.4975060522556305, 0.48418912291526794, 0.47222986817359924, 0.46108686923980713, 0.44947579503059387, 0.4389844238758087, 0.4273708462715149, 0.42081621289253235, 0.4100557267665863, 0.4012387692928314, 0.39597147703170776, 0.38705483078956604, 0.3726227581501007, 0.3672892451286316, 0.3569900691509247, 0.3496994078159332, 0.33913454413414, 0.33213701844215393, 0.3265358805656433, 0.31447553634643555, 0.3121735155582428, 0.2995581030845642, 0.29796162247657776, 0.29534077644348145, 0.283120721578598, 0.2722281515598297, 0.2656082212924957, 0.25807225704193115, 0.2556971311569214, 0.24571846425533295, 0.239394411444664, 0.23159757256507874, 0.22681085765361786, 0.2279287874698639, 0.21819528937339783, 0.20792469382286072, 0.20442722737789154, 0.1961628943681717, 0.1938251405954361, 0.18821021914482117, 0.18114298582077026, 0.17911869287490845, 0.16989776492118835, 0.16709335148334503, 0.16140978038311005, 0.15551908314228058, 0.15054959058761597, 0.14948974549770355, 0.14239619672298431, 0.13918337225914001, 0.13937799632549286, 0.1312544196844101, 0.12946537137031555, 0.12501880526542664, 0.11843224614858627, 0.11637348681688309, 0.11878342181444168, 0.11228211224079132, 0.11285722255706787, 0.10645673424005508, 0.10600479692220688, 0.0987931489944458, 0.1056741401553154, 0.09985577315092087, 0.09191267192363739, 0.08933396637439728, 0.08807273954153061, 0.08600199222564697, 0.0789676085114479, 0.07919839769601822, 0.07450877130031586, 0.07342062890529633, 0.07211745530366898, 0.0698474794626236, 0.06661691516637802, 0.0655742883682251, 0.0634833574295044, 0.061295296996831894, 0.06024817004799843, 0.05890299379825592, 0.05608385428786278, 0.05468112975358963, 0.05424228310585022, 0.05121628940105438], "accuracy": [0.3716517984867096, 0.5524553656578064, 0.6446428298950195, 0.6930803656578064, 0.7118303775787354, 0.7270089387893677, 0.7397321462631226, 0.7473214268684387, 0.7515624761581421, 0.7600446343421936, 0.7705357074737549, 0.7814732193946838, 0.7839285731315613, 0.7953125238418579, 0.7984374761581421, 0.8073660731315613, 0.8185268044471741, 0.8200892806053162, 0.8229910731315613, 0.8308035731315613, 0.8321428298950195, 0.8392857313156128, 0.846875011920929, 0.8444196581840515, 0.8479910492897034, 0.8531249761581421, 0.8558035492897034, 0.8558035492897034, 0.8674107193946838, 0.8645089268684387, 0.8712053298950195, 0.8729910850524902, 0.8776785731315613, 0.8825892806053162, 0.8821428418159485, 0.8921874761581421, 0.8892857432365417, 0.8997767567634583, 0.8970982432365417, 0.8984375, 0.9073660969734192, 0.9073660969734192, 0.9080356955528259, 0.9162946343421936, 0.9160714149475098, 0.9205357432365417, 0.9198660850524902, 0.926562488079071, 0.9285714030265808, 0.9225446581840515, 0.9308035969734192, 0.9325892925262451, 0.9348214268684387, 0.9372767806053162, 0.9381696581840515, 0.9437500238418579, 0.9412946701049805, 0.9441964030265808, 0.9488839507102966, 0.9464285969734192, 0.9511160850524902, 0.9537946581840515, 0.956250011920929, 0.9540178775787354, 0.9587053656578064, 0.9602678418159485, 0.9582589268684387, 0.9613839387893677, 0.9613839387893677, 0.9636160731315613, 0.9683035612106323, 0.9705356955528259, 0.9671875238418579, 0.9705356955528259, 0.9676339030265808, 0.9723214507102966, 0.971875011920929, 0.9747768044471741, 0.9729910492897034, 0.9723214507102966, 0.9772321581840515, 0.9774553775787354, 0.9770089387893677, 0.9779017567634583, 0.9821428656578064, 0.9810267686843872, 0.9832589030265808, 0.984375, 0.9848214387893677, 0.9832589030265808, 0.9854910969734192, 0.9859374761581421, 0.9866071343421936, 0.9877232313156128, 0.9868303537368774, 0.9870535731315613, 0.9899553656578064, 0.9892857074737549, 0.9895089268684387, 0.9908482432365417], "val_loss": [1.288429856300354, 1.084254503250122, 0.9165557622909546, 0.8306931853294373, 0.7830429673194885, 0.7500938773155212, 0.7216989994049072, 0.7199864387512207, 0.6815891265869141, 0.6679781079292297, 0.6493386626243591, 0.6435393691062927, 0.6210861206054688, 0.6111279726028442, 0.6013084650039673, 0.5950339436531067, 0.5787462592124939, 0.5731358528137207, 0.5830785036087036, 0.5599038004875183, 0.5507686138153076, 0.5395838022232056, 0.5350824594497681, 0.5346747636795044, 0.5226483345031738, 0.5353221297264099, 0.5257241129875183, 0.49957361817359924, 0.4983968436717987, 0.49009278416633606, 0.49775412678718567, 0.47379565238952637, 0.47109076380729675, 0.46530547738075256, 0.4657202661037445, 0.45386916399002075, 0.4686410129070282, 0.4476841986179352, 0.4458511769771576, 0.45100438594818115, 0.4325677454471588, 0.42986151576042175, 0.4213249385356903, 0.43607744574546814, 0.4140591621398926, 0.4149615168571472, 0.4028488099575043, 0.41159191727638245, 0.3973788619041443, 0.41178834438323975, 0.3938731551170349, 0.38844528794288635, 0.3936361074447632, 0.39189693331718445, 0.3834592401981354, 0.38250643014907837, 0.3957692086696625, 0.37695297598838806, 0.38511139154434204, 0.3907742500305176, 0.3934735953807831, 0.38081610202789307, 0.37457606196403503, 0.3768801987171173, 0.3860379159450531, 0.39564481377601624, 0.37329012155532837, 0.3752099275588989, 0.3804357349872589, 0.3689101040363312, 0.3690425753593445, 0.40158507227897644, 0.38444414734840393, 0.3855261206626892, 0.3664887547492981, 0.36194562911987305, 0.37147510051727295, 0.37357115745544434, 0.39157694578170776, 0.37586453557014465, 0.36905190348625183, 0.3682118356227875, 0.3816365897655487, 0.3690698444843292, 0.3708636164665222, 0.3697931468486786, 0.3715626895427704, 0.3669874966144562, 0.3716135323047638, 0.36997923254966736, 0.3770916163921356, 0.37741169333457947, 0.37502771615982056, 0.39026308059692383, 0.3808881640434265, 0.37613117694854736, 0.3820350468158722, 0.4025634527206421, 0.3897192180156708, 0.3821757733821869],