{"loss": [1.3574780225753784, 1.2256637811660767, 1.040793538093567, 0.8949313163757324, 0.810060977935791, 0.7509558200836182, 0.7107130885124207, 0.6780705451965332, 0.6546735167503357, 0.6303004026412964, 0.6089751124382019, 0.5867268443107605, 0.5714864730834961, 0.5529844760894775, 0.5386729836463928, 0.524745762348175, 0.5124669075012207, 0.498969703912735, 0.4876565635204315, 0.476076602935791, 0.46515747904777527, 0.45413362979888916, 0.44354477524757385, 0.4378174841403961, 0.4277755916118622, 0.41797304153442383, 0.4154220521450043, 0.4055553674697876, 0.3937276601791382, 0.38663339614868164, 0.37753185629844666, 0.36945241689682007, 0.3594091534614563, 0.35267117619514465, 0.34741711616516113, 0.33706021308898926, 0.333523690700531, 0.32117992639541626, 0.31747764348983765, 0.3139919936656952, 0.3057839274406433, 0.2945277988910675, 0.2893892228603363, 0.2813575565814972, 0.27924787998199463, 0.2696661651134491, 0.2623448371887207, 0.253869891166687, 0.24964085221290588, 0.2481711506843567, 0.23937031626701355, 0.23219206929206848, 0.22726616263389587, 0.220328688621521, 0.2157631665468216, 0.21127651631832123, 0.20502008497714996, 0.20141060650348663, 0.19257532060146332, 0.19145777821540833, 0.18379828333854675, 0.17846065759658813, 0.1736709177494049, 0.17046311497688293, 0.16324470937252045, 0.16202840209007263, 0.15972398221492767, 0.15350522100925446, 0.14768600463867188, 0.1457689106464386, 0.13920792937278748, 0.1361341029405594, 0.13552962243556976, 0.13047268986701965, 0.12524957954883575, 0.12385567277669907, 0.12215126305818558, 0.11600065231323242, 0.12245272099971771, 0.11635905504226685, 0.10833854973316193, 0.10700247436761856, 0.10469408333301544, 0.10175461322069168, 0.09338047355413437, 0.0941949412226677, 0.08889544010162354, 0.08729762583971024, 0.08681086450815201, 0.08340978622436523, 0.07985531538724899, 0.07995569705963135, 0.07648113369941711, 0.0741206631064415, 0.07249414175748825], "accuracy": [0.2662946283817291, 0.4950892925262451, 0.6245535612106323, 0.6805803775787354, 0.6975446343421936, 0.7191964387893677, 0.7314732074737549, 0.7421875, 0.7439731955528259, 0.7551339268684387, 0.760937511920929, 0.7725446224212646, 0.7716518044471741, 0.785937488079071, 0.7919642925262451, 0.7986606955528259, 0.8037946224212646, 0.809374988079071, 0.8154017925262451, 0.8232142925262451, 0.8241071701049805, 0.8314732313156128, 0.8359375, 0.8341518044471741, 0.8404017686843872, 0.8459821343421936, 0.84375, 0.8479910492897034, 0.8555803298950195, 0.8549107313156128, 0.8613839149475098, 0.8604910969734192, 0.8665178418159485, 0.8720982074737549, 0.8738839030265808, 0.878125011920929, 0.8758928775787354, 0.885937511920929, 0.8892857432365417, 0.8910714387893677, 0.8901785612106323, 0.8979910612106323, 0.8959821462631226, 0.9011160731315613, 0.903124988079071, 0.9075892567634583, 0.9104910492897034, 0.9158481955528259, 0.9185267686843872, 0.9165178537368774, 0.9196428656578064, 0.9209821224212646, 0.9252232313156128, 0.9274553656578064, 0.9281250238418579, 0.9321428537368774, 0.9316964149475098, 0.9310267567634583, 0.9392856955528259, 0.9383928775787354, 0.940625011920929, 0.9435268044471741, 0.9448660612106323, 0.9468749761581421, 0.9493303298950195, 0.9491071701049805, 0.9508928656578064, 0.9533482193946838, 0.9564732313156128, 0.9542410969734192, 0.9602678418159485, 0.9609375, 0.9591518044471741, 0.9629464149475098, 0.9629464149475098, 0.9649553298950195, 0.9662946462631226, 0.9680803418159485, 0.9651785492897034, 0.9660714268684387, 0.9691964387893677, 0.9709821343421936, 0.9714285731315613, 0.9720982313156128, 0.9758928418159485, 0.9752232432365417, 0.9794642925262451, 0.9790178537368774, 0.9787946343421936, 0.9794642925262451, 0.9816964268684387, 0.9819196462631226, 0.9821428656578064, 0.9821428656578064, 0.9830357432365417], "val_loss": [1.3023955821990967, 1.1263713836669922, 0.960494339466095, 0.8573363423347473, 0.7982985377311707, 0.7613779306411743, 0.7317480444908142, 0.7293866872787476, 0.6921486258506775, 0.6770826578140259, 0.6594799757003784, 0.6553154587745667, 0.6337983012199402, 0.6208171844482422, 0.6117674708366394, 0.6057159304618835, 0.5920422077178955, 0.5847975015640259, 0.5876982808113098, 0.5728074312210083, 0.5634970664978027, 0.5534369945526123, 0.5492821931838989, 0.5483457446098328, 0.5389924049377441, 0.5533773899078369, 0.537440836429596, 0.5188188552856445, 0.5212416648864746, 0.5102630257606506, 0.5198672413825989, 0.49473196268081665, 0.49543485045433044, 0.48651325702667236, 0.48959842324256897, 0.4777895212173462, 0.4889765679836273, 0.47638052701950073, 0.4627842903137207, 0.469862699508667, 0.4554842710494995, 0.45367559790611267, 0.44236817955970764, 0.45397433638572693, 0.43838611245155334, 0.4401342570781708, 0.42581677436828613, 0.43350717425346375, 0.42099428176879883, 0.4328961968421936, 0.4162164032459259, 0.4104960262775421, 0.41188427805900574, 0.4052280783653259, 0.40157613158226013, 0.40671873092651367, 0.40540170669555664, 0.3930208086967468, 0.39484500885009766, 0.40369266271591187, 0.40979641675949097, 0.39737793803215027, 0.3919084370136261, 0.39548859000205994, 0.39301952719688416, 0.4103200137615204, 0.3855706751346588, 0.3860953152179718, 0.382027804851532, 0.3798843026161194, 0.375461220741272, 0.3898494839668274, 0.3884887099266052, 0.3811056911945343, 0.37064889073371887, 0.36815279722213745, 0.37423163652420044, 0.3789726197719574, 0.39350855350494385, 0.38184213638305664, 0.37021195888519287, 0.37454888224601746, 0.37788379192352295, 0.37327340245246887, 0.3645222783088684, 0.3704493045806885, 0.3743307292461395, 0.3649815022945404, 0.3734237253665924, 0.3682829439640045, 0.37069931626319885, 0.3726691007614136, 0.37311139702796936, 0.38474002480506897, 0.3785104751586914], "val_accuracy": [0.2991071343421936, 0.5758928656578064, 0.637499988079071, 0.6866071224212646, 0.6919642686843872, 0.7017857432365417, 0.7098214030265808, 0.6982142925262451, 0.7205356955528259, 0.7330357432365417, 0.7348214387893677, 0.7383928298950195, 0.7482143044471741, 0.7669642567634583, 0.7660714387893677, 0.7642857432365417, 0.7678571343421936, 0.7651785612106323, 0.7642857432365417, 0.768750011920929, 0.7758928537368774, 0.7767857313156128, 0.7830356955528259, 0.7821428775787354, 0.7857142686843872, 0.7857142686843872, 0.7910714149475098, 0.793749988079071, 0.7991071343421936, 0.7982142567634583, 0.7964285612106323, 0.8062499761581421, 0.8008928298950195, 0.8089285492897034, 0.8116071224212646, 0.8178571462631226, 0.8089285492897034, 0.8142856955528259, 0.8232142925262451, 0.8169642686843872, 0.824999988079071, 0.8241071701049805, 0.8321428298950195, 0.8267857432365417, 0.8321428298950195, 0.831250011920929, 0.8357142806053162, 0.8348214030265808, 0.8419643044471741, 0.8348214030265808, 0.8482142686843872, 0.8464285731315613, 0.8464285731315613, 0.8535714149475098, 0.8526785969734192, 0.8464285731315613, 0.8464285731315613, 0.8580357432365417, 0.856249988079071, 0.8580357432365417, 0.8446428775787354, 0.856249988079071, 0.8544642925262451, 0.8607142567634583, 0.8580357432365417, 0.8589285612106323, 0.8607142567634583, 0.8616071343421936, 0.8589285612106323, 0.8633928298950195, 0.862500011920929, 0.8607142567634583, 0.8651785850524902, 0.8678571581840515, 0.8642857074737549, 0.8669642806053162, 0.8687499761581421, 0.8660714030265808, 0.8589285612106323, 0.862500011920929, 0.8714285492897034, 0.8687499761581421, 0.8741071224212646, 0.8723214268684387, 0.8794642686843872, 0.8732143044471741, 0.8741071224212646, 0.8776785731315613, 0.8785714507102966, 0.8794642686843872, 0.8732143044471741, 0.8767856955528259, 0.875, 0.8714285492897034, 0.8723214268684387]}