{"loss": [1.3397717475891113, 1.2063884735107422, 1.064441204071045, 0.9357857704162598, 0.859809398651123, 0.8134849667549133, 0.7838205099105835, 0.7579861283302307, 0.7424812316894531, 0.7267553806304932, 0.7156593203544617, 0.7021845579147339, 0.6909452080726624, 0.6807631254196167, 0.6738817095756531, 0.6633277535438538, 0.6576114296913147, 0.6483700275421143, 0.6441026926040649, 0.6368696093559265, 0.6300429701805115, 0.6269780397415161, 0.6157079339027405, 0.612258791923523, 0.6110914349555969, 0.5995194315910339, 0.6060253977775574, 0.5937258005142212, 0.5854389667510986, 0.5859479308128357, 0.5785419344902039, 0.5676785111427307, 0.567902684211731, 0.559390127658844, 0.564494788646698, 0.5517957210540771, 0.5533996820449829, 0.541365385055542, 0.544979453086853, 0.5455518364906311, 0.5350160598754883, 0.5280194282531738, 0.5252574682235718, 0.5203083753585815, 0.5226613283157349, 0.5130606889724731, 0.5126628875732422, 0.5043714642524719, 0.49838241934776306, 0.5011065006256104, 0.49943095445632935, 0.4985683560371399, 0.48860636353492737, 0.4862276315689087, 0.4823773503303528, 0.47909942269325256, 0.47312912344932556, 0.475076824426651, 0.47228044271469116, 0.47115445137023926, 0.4607408940792084, 0.4601876437664032, 0.457597941160202, 0.46308544278144836, 0.45277470350265503, 0.44847509264945984, 0.4536326229572296, 0.4492519199848175, 0.44376516342163086, 0.4414556920528412, 0.4387470781803131, 0.43868017196655273, 0.4298400282859802, 0.426450252532959, 0.4236519932746887, 0.4295566976070404, 0.42154327034950256, 0.41354867815971375, 0.41668328642845154, 0.41310662031173706, 0.4140661656856537, 0.41806426644325256, 0.4069441258907318, 0.4101813733577728, 0.3971405029296875, 0.40171951055526733, 0.3991208076477051, 0.39004355669021606, 0.39132556319236755, 0.3883633613586426, 0.38460129499435425, 0.3845289945602417, 0.3870157301425934, 0.3779377043247223, 0.37522092461586, 0.3742639422416687, 0.37053143978118896, 0.3705608546733856, 0.37698471546173096, 0.3681398332118988], "accuracy": [0.29553571343421936, 0.4453125, 0.5997768044471741, 0.660937488079071, 0.6792410612106323, 0.6919642686843872, 0.6977678537368774, 0.7138392925262451, 0.7165178656578064, 0.7229910492897034, 0.7243303656578064, 0.7314732074737549, 0.731249988079071, 0.7415178418159485, 0.7470982074737549, 0.7424107193946838, 0.7457589507102966, 0.7522321343421936, 0.7517856955528259, 0.7537946701049805, 0.7575892806053162, 0.7575892806053162, 0.7647321224212646, 0.7633928656578064, 0.7600446343421936, 0.768750011920929, 0.7678571343421936, 0.7685267925262451, 0.7741071581840515, 0.770312488079071, 0.7738839387893677, 0.778124988079071, 0.7796875238418579, 0.7819196581840515, 0.7816964387893677, 0.7837053537368774, 0.7870535850524902, 0.7881696224212646, 0.7890625, 0.7901785969734192, 0.7930803298950195, 0.7939732074737549, 0.7966517806053162, 0.7993303537368774, 0.7982142567634583, 0.8024553656578064, 0.8049107193946838, 0.8035714030265808, 0.8104910850524902, 0.8087053298950195, 0.8098214268684387, 0.8102678656578064, 0.8095982074737549, 0.8151785731315613, 0.8185268044471741, 0.8176339268684387, 0.8232142925262451, 0.8174107074737549, 0.8223214149475098, 0.8232142925262451, 0.8247767686843872, 0.8279017806053162, 0.8290178775787354, 0.8283482193946838, 0.8290178775787354, 0.8292410969734192, 0.8290178775787354, 0.8294642567634583, 0.8276785612106323, 0.8330357074737549, 0.8334821462631226, 0.8341518044471741, 0.8397321701049805, 0.8352678418159485, 0.8412946462631226, 0.8370535969734192, 0.8377231955528259, 0.8424107432365417, 0.8377231955528259, 0.8446428775787354, 0.8479910492897034, 0.84375, 0.840624988079071, 0.8488839268684387, 0.8508928418159485, 0.8482142686843872, 0.8482142686843872, 0.8537946343421936, 0.8560267686843872, 0.8526785969734192, 0.8551339507102966, 0.8555803298950195, 0.8531249761581421, 0.8595982193946838, 0.8582589030265808, 0.8609374761581421, 0.8611606955528259, 0.8587053418159485, 0.8571428656578064, 0.8665178418159485], "val_loss": [1.268040657043457, 1.131317377090454, 0.9917802810668945, 0.8917124271392822, 0.8437550663948059, 0.8243951201438904, 0.793104887008667, 0.7951775789260864, 0.7578880786895752, 0.7466420531272888, 0.7392711639404297, 0.7306643128395081, 0.7170217037200928, 0.7088040709495544, 0.7028656005859375, 0.6945846676826477, 0.6814257502555847, 0.6760762929916382, 0.6960825324058533, 0.6716127395629883, 0.6659268140792847, 0.6509332060813904, 0.6489019393920898, 0.6566323637962341, 0.6341819763183594, 0.6506587862968445, 0.6354957818984985, 0.6181454062461853, 0.6200687885284424, 0.6132605075836182, 0.6134110689163208, 0.6106714010238647, 0.6031896471977234, 0.59194016456604, 0.5953454971313477, 0.5890034437179565, 0.5900824069976807, 0.5875318050384521, 0.5820127129554749, 0.5899602770805359, 0.5723716020584106, 0.5654407143592834, 0.5654684901237488, 0.5810139775276184, 0.5549215078353882, 0.5509812235832214, 0.5514108538627625, 0.5501648783683777, 0.5426469445228577, 0.5424481630325317, 0.5366840362548828, 0.5365038514137268, 0.5321189761161804, 0.5280393362045288, 0.5283898115158081, 0.5224518775939941, 0.5247714519500732, 0.5284017324447632, 0.518113911151886, 0.5204696655273438, 0.5176029801368713, 0.5291529297828674, 0.5155976414680481, 0.5105032324790955, 0.5185251832008362, 0.5085543990135193, 0.5190103650093079, 0.5046051144599915, 0.5047131776809692, 0.4982547163963318, 0.5026817321777344, 0.4989096522331238, 0.4972667694091797, 0.4826849400997162, 0.48303526639938354, 0.47604817152023315, 0.47545918822288513, 0.4781801998615265, 0.47812697291374207, 0.48412245512008667, 0.4854341745376587, 0.4793669581413269, 0.4805544316768646, 0.4736011028289795, 0.46314021944999695, 0.46844568848609924, 0.4665343165397644, 0.46117570996284485, 0.45555785298347473, 0.4587889611721039, 0.48751014471054077, 0.45631831884384155, 0.45945021510124207, 0.447424978017807, 0.449614018201828, 0.4624992907047272, 0.4481736719608307, 0.4491903483867645, 0.47644534707069397, 0.43578046560287476], "val_accuracy": [0.3258928656578064, 0.5178571343421936, 0.6232143044471741, 0.6758928298950195, 0.6741071343421936, 0.6642857193946838, 0.6973214149475098, 0.6741071343421936, 0.6892856955528259, 0.6964285969734192, 0.6919642686843872, 0.7053571343421936, 0.7071428298950195, 0.71875, 0.7205356955528259, 0.7196428775787354, 0.7223214507102966, 0.731249988079071, 0.7089285850524902, 0.7339285612106323, 0.731249988079071, 0.7446428537368774, 0.7339285612106323, 0.7205356955528259, 0.7491071224212646, 0.737500011920929, 0.7366071343421936, 0.7464285492897034, 0.7455357313156128, 0.7526785731315613, 0.7508928775787354, 0.7544642686843872, 0.7535714507102966, 0.7589285969734192, 0.7651785612106323, 0.7669642567634583, 0.7616071701049805, 0.7669642567634583, 0.7732142806053162, 0.7669642567634583, 0.7651785612106323, 0.7741071581840515, 0.7705357074737549, 0.7544642686843872, 0.7848214507102966, 0.7785714268684387, 0.7794643044471741, 0.7848214507102966, 0.7866071462631226, 0.7919642925262451, 0.7875000238418579, 0.7919642925262451, 0.7973214387893677, 0.7901785969734192, 0.8026785850524902, 0.8008928298950195, 0.793749988079071, 0.800000011920929, 0.7991071343421936, 0.800000011920929, 0.8035714030265808, 0.793749988079071, 0.7955357432365417, 0.8053571581840515, 0.8035714030265808, 0.7964285612106323, 0.7946428656578064, 0.8080357313156128, 0.8062499761581421, 0.8125, 0.8035714030265808, 0.8098214268684387, 0.8008928298950195, 0.8178571462631226, 0.8125, 0.8187500238418579, 0.8187500238418579, 0.8169642686843872, 0.8098214268684387, 0.8062499761581421, 0.8116071224212646, 0.8142856955528259, 0.8196428418159485, 0.8205357193946838, 0.8241071701049805, 0.8142856955528259, 0.8133928775787354, 0.8232142925262451, 0.824999988079071, 0.8276785612106323, 0.8125, 0.8205357193946838, 0.8196428418159485, 0.8178571462631226, 0.8294642567634583, 0.8089285492897034, 0.831250011920929, 0.8169642686843872, 0.8017857074737549, 0.8294642567634583]}