{"loss": [1.3397717475891113, 1.2063884735107422, 1.064441204071045, 0.9357857704162598, 0.859809398651123, 0.8134849071502686, 0.7838205099105835, 0.7579861283302307, 0.7424811124801636, 0.7267553806304932, 0.7156593203544617, 0.7021845579147339, 0.6909451484680176, 0.6807631254196167, 0.6738817095756531, 0.6633277535438538, 0.6576114296913147, 0.648370087146759, 0.6441027522087097, 0.6368696093559265, 0.6300429701805115, 0.6269780397415161, 0.6157079935073853, 0.612258791923523, 0.6110914349555969, 0.5995194315910339, 0.6060253977775574, 0.593725860118866, 0.5854389667510986, 0.5859479904174805, 0.5785419344902039, 0.5676785111427307, 0.567902684211731, 0.5593900680541992, 0.564494788646698, 0.5517957210540771, 0.5533996820449829, 0.541365385055542, 0.5449793934822083, 0.5455518960952759, 0.5350160598754883, 0.528019368648529, 0.5252574682235718, 0.5203083753585815, 0.5226613283157349, 0.5130606889724731, 0.5126628875732422, 0.5043714642524719, 0.49838241934776306, 0.5011065602302551, 0.49943095445632935, 0.4985683858394623, 0.48860636353492737, 0.4862276315689087, 0.4823773503303528, 0.47909942269325256, 0.47312912344932556, 0.475076824426651, 0.472274512052536, 0.47118616104125977, 0.46082305908203125, 0.46013596653938293, 0.4575824737548828, 0.4633566737174988, 0.45273444056510925, 0.4484468698501587, 0.4537867307662964, 0.4490331709384918, 0.4436044692993164, 0.44155311584472656, 0.4386780560016632, 0.43858280777931213, 0.4298970401287079, 0.42636480927467346, 0.42355191707611084, 0.42914271354675293, 0.4212814271450043, 0.4133753776550293, 0.4166470170021057, 0.4131637513637543, 0.41358137130737305, 0.4182642996311188, 0.40704235434532166, 0.4101628065109253, 0.39678069949150085, 0.40179136395454407, 0.3991546034812927, 0.39030250906944275, 0.3912992775440216, 0.38824033737182617, 0.3845844864845276, 0.3841971755027771, 0.38675376772880554, 0.3777601420879364, 0.374910831451416, 0.37393903732299805, 0.3702510893344879, 0.3700668513774872, 0.37723666429519653, 0.3676924407482147], "accuracy": [0.29553571343421936, 0.4453125, 0.5997768044471741, 0.660937488079071, 0.6792410612106323, 0.6919642686843872, 0.6977678537368774, 0.7138392925262451, 0.7165178656578064, 0.7229910492897034, 0.7243303656578064, 0.7314732074737549, 0.731249988079071, 0.7415178418159485, 0.7470982074737549, 0.7424107193946838, 0.7457589507102966, 0.7522321343421936, 0.7517856955528259, 0.7537946701049805, 0.7575892806053162, 0.7575892806053162, 0.7647321224212646, 0.7633928656578064, 0.7600446343421936, 0.768750011920929, 0.7678571343421936, 0.7685267925262451, 0.7741071581840515, 0.770312488079071, 0.7738839387893677, 0.778124988079071, 0.7796875238418579, 0.7819196581840515, 0.7816964387893677, 0.7837053537368774, 0.7870535850524902, 0.7881696224212646, 0.7890625, 0.7901785969734192, 0.7930803298950195, 0.7939732074737549, 0.7966517806053162, 0.7993303537368774, 0.7982142567634583, 0.8024553656578064, 0.8049107193946838, 0.8035714030265808, 0.8104910850524902, 0.8087053298950195, 0.8098214268684387, 0.8102678656578064, 0.8095982074737549, 0.8151785731315613, 0.8185268044471741, 0.8176339268684387, 0.8232142925262451, 0.8174107074737549, 0.8223214149475098, 0.8229910731315613, 0.8245535492897034, 0.8283482193946838, 0.8292410969734192, 0.8272321224212646, 0.8296874761581421, 0.8285714387893677, 0.8283482193946838, 0.8287946581840515, 0.8290178775787354, 0.832812488079071, 0.832812488079071, 0.8341518044471741, 0.8397321701049805, 0.8374999761581421, 0.8415178656578064, 0.8370535969734192, 0.8377231955528259, 0.8419643044471741, 0.8372767567634583, 0.8444196581840515, 0.8466517925262451, 0.8428571224212646, 0.8397321701049805, 0.8479910492897034, 0.8513392806053162, 0.8470982313156128, 0.8491071462631226, 0.8537946343421936, 0.8553571701049805, 0.8535714149475098, 0.8555803298950195, 0.8553571701049805, 0.8542410731315613, 0.8589285612106323, 0.8591517806053162, 0.8613839149475098, 0.862500011920929, 0.8595982193946838, 0.856249988079071, 0.8658482432365417], "val_loss": [1.268040657043457, 1.131317377090454, 0.9917802810668945, 0.8917124271392822, 0.8437550067901611, 0.8243951201438904, 0.793104887008667, 0.7951775789260864, 0.75788813829422, 0.7466420531272888, 0.7392711639404297, 0.7306643128395081, 0.7170217037200928, 0.7088041305541992, 0.7028656601905823, 0.6945846676826477, 0.6814256906509399, 0.6760762929916382, 0.6960825324058533, 0.6716127395629883, 0.6659268736839294, 0.6509332656860352, 0.6489019393920898, 0.6566323041915894, 0.6341820359230042, 0.6506587862968445, 0.6354957818984985, 0.6181454658508301, 0.6200687885284424, 0.6132605075836182, 0.6134110689163208, 0.6106714010238647, 0.6031896471977234, 0.59194016456604, 0.5953455567359924, 0.5890034437179565, 0.5900822877883911, 0.5875318050384521, 0.5820127129554749, 0.5899602770805359, 0.5723715424537659, 0.5654407143592834, 0.5654684901237488, 0.5810139775276184, 0.5549215078353882, 0.5509812235832214, 0.5514108538627625, 0.5501648783683777, 0.5426469445228577, 0.5424481630325317, 0.536683976650238, 0.5365038514137268, 0.5321189761161804, 0.5280393958091736, 0.5283898711204529, 0.5224519371986389, 0.5247714519500732, 0.5284017324447632, 0.5180724859237671, 0.5205604434013367, 0.5173463821411133, 0.5290873646736145, 0.5155938267707825, 0.5108088850975037, 0.518257737159729, 0.5086840987205505, 0.5186694860458374, 0.5048884153366089, 0.5043293237686157, 0.49804049730300903, 0.502558708190918, 0.49930012226104736, 0.49701619148254395, 0.48236215114593506, 0.4825630187988281, 0.4756507873535156, 0.4750088155269623, 0.477851003408432, 0.4779217839241028, 0.4828247129917145, 0.4852963984012604, 0.4788648188114166, 0.480293333530426, 0.4735405445098877, 0.46349215507507324, 0.4685886800289154, 0.4672785699367523, 0.46085435152053833, 0.4552935063838959, 0.45947375893592834, 0.4866887629032135, 0.4566771984100342, 0.46018147468566895, 0.4478212296962738, 0.44929438829421997, 0.46167439222335815, 0.4486732482910156, 0.44945186376571655, 0.4780588448047638, 0.43600520491600037],