{"loss": [1.3423447608947754, 1.1387470960617065, 0.8888986110687256, 0.7203660607337952, 0.6235101819038391, 0.5531243085861206, 0.4980446398258209, 0.4486628472805023, 0.4092999994754791, 0.37040579319000244, 0.3425016403198242, 0.3099440932273865, 0.28174546360969543, 0.25994884967803955, 0.23821201920509338, 0.21959321200847626, 0.19799664616584778, 0.18455171585083008, 0.16615143418312073, 0.15553097426891327, 0.14469818770885468, 0.13088174164295197, 0.11835188418626785, 0.10959160327911377, 0.10060640424489975, 0.09282799065113068, 0.08449708670377731, 0.07564731687307358, 0.06981471925973892, 0.06314212083816528, 0.05881466343998909, 0.05382640287280083, 0.0475446917116642, 0.04331567883491516, 0.03946685045957565, 0.03605704754590988, 0.032630015164613724, 0.028836801648139954, 0.026469115167856216, 0.023930739611387253, 0.021864639595150948, 0.0202957633882761, 0.018320757895708084, 0.01681899093091488, 0.01583237387239933, 0.014258001931011677, 0.012929788790643215, 0.012085695751011372, 0.011260162107646465, 0.010286273434758186, 0.009620117023587227, 0.008922231383621693, 0.00825435109436512, 0.0076983654871582985, 0.007210408803075552, 0.006750873290002346, 0.006359485909342766, 0.006177445407956839, 0.005628712475299835, 0.005420100409537554, 0.00506450142711401, 0.00480715511366725, 0.004458259791135788, 0.004281006287783384, 0.004005716182291508, 0.0038000482600182295, 0.0036097955889999866, 0.003508123103529215, 0.003321697236970067, 0.0031590366270393133, 0.0029623094014823437, 0.002850259654223919, 0.002702812198549509, 0.002617020159959793, 0.0024676404427736998, 0.002359251957386732, 0.0022699078544974327, 0.0021636991295963526, 0.002067405031993985, 0.0019854088313877583, 0.001918021240271628, 0.0018457338446751237, 0.0017539639957249165, 0.001692314399406314, 0.0016311212675645947, 0.0015618093311786652, 0.0015132265398278832, 0.001453012228012085, 0.0013999013463035226, 0.0013501978246495128, 0.0013005798682570457, 0.0012651345459744334, 0.0012082692701369524, 0.0011661467142403126, 0.001123707159422338, 0.0010832728585228324, 0.0010517057962715626, 0.0010090097784996033, 0.0009842660510912538, 0.0009540317114442587], "accuracy": [0.4828124940395355, 0.6082589030265808, 0.6756696701049805, 0.7131696343421936, 0.7486607432365417, 0.7767857313156128, 0.7984374761581421, 0.8238839507102966, 0.8359375, 0.8595982193946838, 0.8696428537368774, 0.887499988079071, 0.8948660492897034, 0.9129464030265808, 0.917187511920929, 0.9270089268684387, 0.9395089149475098, 0.9426339268684387, 0.9497767686843872, 0.9526785612106323, 0.9558035731315613, 0.9622767567634583, 0.9694196581840515, 0.9732142686843872, 0.9765625, 0.9776785969734192, 0.9837053418159485, 0.9870535731315613, 0.9897321462631226, 0.9921875, 0.9935267567634583, 0.9946428537368774, 0.9950892925262451, 0.9962053298950195, 0.9973214268684387, 0.9977678656578064, 0.9986607432365417, 0.9993303418159485, 0.9993303418159485, 0.9993303418159485, 0.9995535612106323, 0.9995535612106323, 0.9995535612106323, 0.9997767806053162, 1.0, 1.0, 1.0, 1.0, 1.0, 1.0, 1.0, 1.0, 1.0, 1.0, 1.0, 1.0, 1.0, 1.0, 1.0, 1.0, 1.0, 1.0, 1.0, 1.0, 1.0, 1.0, 1.0, 1.0, 1.0, 1.0, 1.0, 1.0, 1.0, 1.0, 1.0, 1.0, 1.0, 1.0, 1.0, 1.0, 1.0, 1.0, 1.0, 1.0, 1.0, 1.0, 1.0, 1.0, 1.0, 1.0, 1.0, 1.0, 1.0, 1.0, 1.0, 1.0, 1.0, 1.0, 1.0, 1.0], "val_loss": [1.2606000900268555, 1.0134745836257935, 0.8135067224502563, 0.7145901322364807, 0.6633504033088684, 0.6345804333686829, 0.603913426399231, 0.5979412794113159, 0.5753762722015381, 0.5671198964118958, 0.5573321580886841, 0.5617242455482483, 0.5548171997070312, 0.5528591871261597, 0.5619792938232422, 0.5655566453933716, 0.5659798979759216, 0.5689142942428589, 0.5780777335166931, 0.5898179411888123, 0.5988466739654541, 0.6035335063934326, 0.6355978846549988, 0.6371641159057617, 0.6434786915779114, 0.6610568165779114, 0.6818882822990417, 0.6881532073020935, 0.7065827250480652, 0.7275795340538025, 0.7421603798866272, 0.759553074836731, 0.7736522555351257, 0.783769965171814, 0.8051525950431824, 0.8276309370994568, 0.8392718434333801, 0.8613455891609192, 0.8721486926078796, 0.890965461730957, 0.9061724543571472, 0.9291180372238159, 0.9418749213218689, 0.9507713317871094, 0.9805430769920349, 0.9862868189811707, 1.0005649328231812, 1.013400912284851, 1.0273164510726929, 1.043168306350708, 1.0528491735458374, 1.0646357536315918, 1.0777124166488647, 1.090512752532959, 1.1045787334442139, 1.1106517314910889, 1.1259623765945435, 1.137518286705017, 1.1485004425048828, 1.1565449237823486, 1.1673413515090942, 1.1809667348861694, 1.190243124961853, 1.2001365423202515, 1.2089049816131592, 1.2196625471115112, 1.231015920639038, 1.2366374731063843, 1.2532991170883179, 1.2552410364151, 1.2621972560882568, 1.2741185426712036, 1.2811238765716553, 1.2909737825393677, 1.2950315475463867, 1.3077797889709473, 1.3126487731933594, 1.3216378688812256, 1.3321001529693604, 1.3375401496887207, 1.346301794052124, 1.3528579473495483, 1.3586152791976929, 1.3678146600723267, 1.374477744102478, 1.3822652101516724, 1.389923334121704, 1.3944107294082642, 1.4029557704925537, 1.4112869501113892, 1.4173837900161743, 1.4212795495986938, 1.4339420795440674, 1.4381035566329956, 1.4433528184890747, 1.4482911825180054, 1.4579986333847046, 1.4634387493133545, 1.4703032970428467, 1.4759588241577148], "val_accuracy": [0.5785714387893677, 0.6508928537368774, 0.6642857193946838, 0.7178571224212646, 0.7258928418159485, 0.731249988079071, 0.7446428537368774, 0.7491071224212646, 0.762499988079071, 0.7544642686843872, 0.7598214149475098, 0.7580357193946838, 0.7723214030265808, 0.7705357074737549, 0.7758928537368774, 0.7714285850524902, 0.7785714268684387, 0.7803571224212646, 0.7776785492897034, 0.7821428775787354, 0.7732142806053162, 0.7803571224212646, 0.7857142686843872, 0.7830356955528259, 0.7758928537368774, 0.7803571224212646, 0.7660714387893677, 0.7767857313156128, 0.7794643044471741, 0.768750011920929, 0.7785714268684387, 0.7803571224212646, 0.7714285850524902, 0.768750011920929, 0.7705357074737549, 0.7678571343421936, 0.7616071701049805, 0.7660714387893677, 0.7678571343421936, 0.7633928656578064, 0.768750011920929, 0.7732142806053162, 0.7660714387893677, 0.7714285850524902, 0.762499988079071, 0.7651785612106323, 0.762499988079071, 0.7696428298950195, 0.7642857432365417, 0.7642857432365417, 0.7660714387893677, 0.7669642567634583, 0.7633928656578064, 0.7598214149475098, 0.7642857432365417, 0.7607142925262451, 0.7660714387893677, 0.762499988079071, 0.7616071701049805, 0.7607142925262451, 0.7642857432365417, 0.7607142925262451, 0.7589285969734192, 0.7607142925262451, 0.7607142925262451, 0.7607142925262451, 0.7598214149475098, 0.7607142925262451, 0.7598214149475098, 0.7616071701049805, 0.7607142925262451, 0.7598214149475098, 0.7607142925262451, 0.7616071701049805, 0.7616071701049805, 0.7607142925262451, 0.7607142925262451, 0.7598214149475098, 0.7616071701049805, 0.7580357193946838, 0.7598214149475098, 0.7598214149475098, 0.762499988079071, 0.7616071701049805, 0.7616071701049805, 0.7607142925262451, 0.7607142925262451, 0.7598214149475098, 0.7616071701049805, 0.7607142925262451, 0.7607142925262451, 0.7598214149475098, 0.7589285969734192, 0.7607142925262451, 0.7598214149475098, 0.7598214149475098, 0.7607142925262451, 0.7616071701049805, 0.7607142925262451, 0.7589285969734192]}