{"loss": [1.3827799558639526, 1.3667054176330566, 1.3193445205688477, 1.2312312126159668, 1.1444149017333984, 1.0733680725097656, 1.0170612335205078, 0.9746176600456238, 0.9491337537765503, 0.9227481484413147, 0.8882764577865601, 0.8659422993659973, 0.8495663404464722, 0.8396053314208984, 0.8236662745475769, 0.8140387535095215, 0.8070681691169739, 0.7915880680084229, 0.7858670353889465, 0.7740315198898315, 0.7639555931091309, 0.7648404240608215, 0.7487256526947021, 0.7429042458534241, 0.7385147213935852, 0.7332231998443604, 0.741036057472229, 0.7277122139930725, 0.7172557711601257, 0.7092876434326172, 0.7052688598632812, 0.6945692300796509, 0.6917048096656799, 0.6989549994468689, 0.6904159784317017, 0.6836986541748047, 0.6753445863723755, 0.6710411906242371, 0.678415834903717, 0.6654983758926392, 0.6564337611198425, 0.6541067361831665, 0.6504532098770142, 0.6520960927009583, 0.6464643478393555, 0.6432204246520996, 0.6284598708152771, 0.6290423274040222, 0.6271838545799255, 0.6218233108520508, 0.6189743876457214, 0.6144112944602966, 0.6132643818855286, 0.619778037071228, 0.618885338306427, 0.6040855050086975, 0.6015707850456238, 0.5959620475769043, 0.5993123054504395, 0.5965963006019592, 0.5857267379760742, 0.583393931388855, 0.5863773226737976, 0.580018162727356, 0.5783321857452393, 0.5774019956588745, 0.5737999081611633, 0.5729329586029053, 0.5692282319068909, 0.5723205804824829, 0.5747162699699402, 0.5560588240623474, 0.5587093234062195, 0.561942994594574, 0.5533384084701538, 0.5497312545776367, 0.5519087910652161, 0.5457305908203125, 0.5511752963066101, 0.5440273880958557, 0.5523629188537598, 0.539043128490448, 0.5373737812042236, 0.5306448936462402, 0.5235021710395813, 0.5245200395584106, 0.5267890095710754, 0.5193134546279907, 0.5263749957084656, 0.5197684168815613, 0.5111477375030518, 0.5124936103820801, 0.5129168629646301, 0.5143200755119324, 0.5128785371780396, 0.5069734454154968, 0.5004460215568542, 0.5075802206993103, 0.5053922533988953, 0.4979878067970276], "accuracy": [0.2872767746448517, 0.30892857909202576, 0.5158482193946838, 0.5651785731315613, 0.5919643044471741, 0.6187499761581421, 0.6457589268684387, 0.6511160731315613, 0.6613839268684387, 0.6743303537368774, 0.6792410612106323, 0.6897321343421936, 0.6926339268684387, 0.6861607432365417, 0.6939732432365417, 0.7002232074737549, 0.6950892806053162, 0.6997767686843872, 0.7098214030265808, 0.7116071581840515, 0.7073660492897034, 0.7111607193946838, 0.7223214507102966, 0.7171875238418579, 0.7196428775787354, 0.7151785492897034, 0.715624988079071, 0.71875, 0.7270089387893677, 0.7274553775787354, 0.7316964268684387, 0.7368303537368774, 0.7339285612106323, 0.7232142686843872, 0.731249988079071, 0.7334821224212646, 0.7381696701049805, 0.7372767925262451, 0.7372767925262451, 0.7410714030265808, 0.7437499761581421, 0.7415178418159485, 0.7464285492897034, 0.7459821701049805, 0.7406250238418579, 0.7448660731315613, 0.7549107074737549, 0.7560268044471741, 0.7495535612106323, 0.753125011920929, 0.7524553537368774, 0.75, 0.7584821581840515, 0.7560268044471741, 0.7564732432365417, 0.7607142925262451, 0.7587053775787354, 0.7636160850524902, 0.7569196224212646, 0.7627232074737549, 0.7680803537368774, 0.7662946581840515, 0.7729910612106323, 0.7714285850524902, 0.7678571343421936, 0.7712053656578064, 0.7723214030265808, 0.7734375, 0.7729910612106323, 0.7745535969734192, 0.7714285850524902, 0.7794643044471741, 0.7816964387893677, 0.7796875238418579, 0.7852678298950195, 0.7854910492897034, 0.7832589149475098, 0.7852678298950195, 0.7834821343421936, 0.7857142686843872, 0.7772321701049805, 0.7888392806053162, 0.7875000238418579, 0.7935267686843872, 0.7988839149475098, 0.7955357432365417, 0.7995535731315613, 0.7975446581840515, 0.7944196462631226, 0.7955357432365417, 0.8011160492897034, 0.7970982193946838, 0.800000011920929, 0.7993303537368774, 0.8004464507102966, 0.8040178418159485, 0.8066964149475098, 0.8040178418159485, 0.7977678775787354, 0.8084821701049805], "val_loss": [1.37752103805542, 1.3517508506774902, 1.2832105159759521, 1.186751365661621, 1.1089540719985962, 1.0522743463516235, 1.0142369270324707, 0.9659656882286072, 0.9359742403030396, 0.9069781303405762, 0.8921388983726501, 0.8778168559074402, 0.8752062320709229, 0.8478454351425171, 0.842265784740448, 0.832324743270874, 0.830497145652771, 0.8213616609573364, 0.8291371464729309, 0.8189992904663086, 0.8033320307731628, 0.7970855236053467, 0.7874983549118042, 0.8066006898880005, 0.7750151753425598, 0.767833411693573, 0.8411845564842224, 0.7586700320243835, 0.75983726978302, 0.7527008652687073, 0.7482360005378723, 0.7422486543655396, 0.7425084114074707, 0.7317846417427063, 0.7392186522483826, 0.7391546368598938, 0.7226042747497559, 0.7346474528312683, 0.7457009553909302, 0.7155442833900452, 0.7251339554786682, 0.7110897898674011, 0.7086394429206848, 0.7003124952316284, 0.7028464674949646, 0.7015296220779419, 0.6962218284606934, 0.6949571967124939, 0.6949736475944519, 0.6885747909545898, 0.6961953043937683, 0.6840073466300964, 0.6880000233650208, 0.7076529860496521, 0.6902342438697815, 0.6813838481903076, 0.6754188537597656, 0.6925058364868164, 0.6823196411132812, 0.6636165380477905, 0.6837033629417419, 0.6970590949058533, 0.7003994584083557, 0.6642051339149475, 0.6731163263320923, 0.6531686186790466, 0.661432147026062, 0.6586974263191223, 0.6622329950332642, 0.6493529081344604, 0.6490968465805054, 0.6730744242668152, 0.6752920746803284, 0.6555314064025879, 0.637022078037262, 0.6398366689682007, 0.6457732319831848, 0.6373701691627502, 0.636368989944458, 0.6490069627761841, 0.6411924958229065, 0.6455706357955933, 0.6324732899665833, 0.6372516751289368, 0.6234922409057617, 0.6264689564704895, 0.6468893885612488, 0.6136988401412964, 0.6567208766937256, 0.6083959937095642, 0.6115729808807373, 0.6236875653266907, 0.6146121621131897, 0.6176074147224426, 0.6059465408325195, 0.6145906448364258, 0.5972806811332703, 0.616365909576416, 0.6214348673820496, 0.5971545577049255], "val_accuracy": [0.24375000596046448, 0.42767858505249023, 0.5383928418159485, 0.5910714268684387, 0.581250011920929, 0.6133928298950195, 0.6232143044471741, 0.6571428775787354, 0.6696428656578064, 0.6625000238418579, 0.6696428656578064, 0.6526785492897034, 0.6642857193946838, 0.6767857074737549, 0.675000011920929, 0.6741071343421936, 0.6696428656578064, 0.6758928298950195, 0.6642857193946838, 0.6723214387893677, 0.6937500238418579, 0.6866071224212646, 0.6812499761581421, 0.6875, 0.6830357313156128, 0.6964285969734192, 0.6428571343421936, 0.6946428418159485, 0.6883928775787354, 0.6955357193946838, 0.7026785612106323, 0.6964285969734192, 0.7017857432365417, 0.706250011920929, 0.6964285969734192, 0.7026785612106323, 0.7080357074737549, 0.6937500238418579, 0.6991071701049805, 0.706250011920929, 0.706250011920929, 0.7080357074737549, 0.7169643044471741, 0.7124999761581421, 0.7169643044471741, 0.7160714268684387, 0.71875, 0.7241071462631226, 0.7205356955528259, 0.7151785492897034, 0.7205356955528259, 0.7223214507102966, 0.7205356955528259, 0.7098214030265808, 0.7232142686843872, 0.7232142686843872, 0.7250000238418579, 0.7250000238418579, 0.7276785969734192, 0.7303571701049805, 0.7151785492897034, 0.7124999761581421, 0.7080357074737549, 0.7339285612106323, 0.7294642925262451, 0.7330357432365417, 0.7214285731315613, 0.731249988079071, 0.7383928298950195, 0.7392857074737549, 0.7446428537368774, 0.7330357432365417, 0.71875, 0.7482143044471741, 0.75, 0.7571428418159485, 0.7482143044471741, 0.7526785731315613, 0.7508928775787354, 0.7464285492897034, 0.7517856955528259, 0.75, 0.7428571581840515, 0.7419642806053162, 0.7508928775787354, 0.7598214149475098, 0.7428571581840515, 0.7651785612106323, 0.7464285492897034, 0.7678571343421936, 0.7544642686843872, 0.75, 0.7678571343421936, 0.7616071701049805, 0.7741071581840515, 0.7517856955528259, 0.7767857313156128, 0.7642857432365417, 0.7544642686843872, 0.7669642567634583]}