{"loss": [1.32896089553833, 1.1535303592681885, 0.9881720542907715, 0.8575165271759033, 0.7682696580886841, 0.6980727910995483, 0.6399226784706116, 0.5934580564498901, 0.5543720126152039, 0.5191193222999573, 0.48914703726768494, 0.460762083530426, 0.43838146328926086, 0.41060885787010193, 0.387744277715683, 0.36550021171569824, 0.34474584460258484, 0.3239620327949524, 0.3049289584159851, 0.2907417416572571, 0.2687557637691498, 0.2559328079223633, 0.23889926075935364, 0.22412043809890747, 0.20973242819309235, 0.19718745350837708, 0.18370546400547028, 0.17076949775218964, 0.16016024351119995, 0.15203432738780975, 0.14135552942752838], "accuracy": [0.4426339268684387, 0.5854910612106323, 0.6502231955528259, 0.6758928298950195, 0.7006696462631226, 0.7323660850524902, 0.7558035850524902, 0.7796875238418579, 0.7944196462631226, 0.8089285492897034, 0.8227678537368774, 0.831250011920929, 0.8453124761581421, 0.8508928418159485, 0.8633928298950195, 0.8734375238418579, 0.8830357193946838, 0.8921874761581421, 0.8999999761581421, 0.9053571224212646, 0.9156249761581421, 0.9185267686843872, 0.9247767925262451, 0.9325892925262451, 0.9392856955528259, 0.9426339268684387, 0.9495535492897034, 0.9537946581840515, 0.957812488079071, 0.9636160731315613, 0.9651785492897034], "val_loss": [1.2355295419692993, 1.0740597248077393, 0.9336296916007996, 0.8361769318580627, 0.777307391166687, 0.7268776893615723, 0.6920276284217834, 0.6694985628128052, 0.6475326418876648, 0.6345518231391907, 0.6202500462532043, 0.6164032220840454, 0.600986123085022, 0.595168948173523, 0.5874403715133667, 0.5797736644744873, 0.5846880078315735, 0.5708515048027039, 0.5694202184677124, 0.5673405528068542, 0.5568650960922241, 0.5644717812538147, 0.5652424693107605, 0.5630766749382019, 0.5623346567153931, 0.5764852166175842, 0.5729199647903442, 0.5765154361724854, 0.5835059285163879, 0.575748860836029, 0.5869290828704834], "val_accuracy": [0.5375000238418579, 0.5874999761581421, 0.6258928775787354, 0.6580356955528259, 0.6901785731315613, 0.7160714268684387, 0.7339285612106323, 0.731249988079071, 0.7455357313156128, 0.7482143044471741, 0.7616071701049805, 0.7607142925262451, 0.7705357074737549, 0.7714285850524902, 0.7705357074737549, 0.7803571224212646, 0.7758928537368774, 0.7857142686843872, 0.7866071462631226, 0.7901785969734192, 0.7955357432365417, 0.7955357432365417, 0.7991071343421936, 0.7946428656578064, 0.7982142567634583, 0.7973214387893677, 0.7964285612106323, 0.7973214387893677, 0.7973214387893677, 0.8026785850524902, 0.8035714030265808]}