{"loss": [1.3205628395080566, 1.117922067642212, 0.9264030456542969, 0.7876527905464172, 0.7073556184768677, 0.6487387418746948, 0.608704149723053, 0.5741994380950928, 0.5529314279556274, 0.5245551466941833, 0.504835307598114, 0.4837607145309448, 0.46439579129219055, 0.45399659872055054, 0.4374103844165802, 0.4178222119808197, 0.4028541147708893, 0.3896421194076538, 0.3754958510398865, 0.36500659584999084, 0.351929247379303, 0.33835044503211975, 0.3261255621910095, 0.31178784370422363, 0.3003506362438202, 0.2908024191856384, 0.28862592577934265, 0.2781391441822052, 0.2610524892807007, 0.2526489198207855, 0.24183106422424316, 0.23875486850738525, 0.22936905920505524, 0.2230979949235916, 0.2178339660167694, 0.20920199155807495, 0.2029084414243698, 0.19097290933132172, 0.1878141462802887, 0.18585197627544403, 0.17379546165466309, 0.16489113867282867, 0.1578109711408615, 0.15609022974967957, 0.14904114603996277, 0.14177094399929047, 0.13539430499076843, 0.13235227763652802, 0.12787370383739471, 0.1388685405254364, 0.13342031836509705, 0.11361915618181229, 0.11069735139608383, 0.10880065709352493, 0.10406750440597534, 0.10121311992406845, 0.09590353816747665, 0.09579392522573471, 0.08928919583559036, 0.0856752023100853, 0.08387231081724167, 0.08006362617015839, 0.07753483206033707, 0.07622615993022919, 0.07125856727361679], "accuracy": [0.3287946283817291, 0.5772321224212646, 0.6700893044471741, 0.7149553298950195, 0.7361606955528259, 0.7584821581840515, 0.7734375, 0.7863839268684387, 0.7895089387893677, 0.807812511920929, 0.8160714507102966, 0.8227678537368774, 0.831250011920929, 0.8354910612106323, 0.8374999761581421, 0.8493303656578064, 0.8535714149475098, 0.8636160492897034, 0.8678571581840515, 0.8709821701049805, 0.8738839030265808, 0.8839285969734192, 0.8910714387893677, 0.8957589268684387, 0.8995535969734192, 0.9024553298950195, 0.9022321701049805, 0.901562511920929, 0.9154017567634583, 0.9174107313156128, 0.925000011920929, 0.9198660850524902, 0.9216517806053162, 0.9238839149475098, 0.9316964149475098, 0.9316964149475098, 0.9350446462631226, 0.9366071224212646, 0.9399553537368774, 0.9404017925262451, 0.9457589387893677, 0.9466517567634583, 0.9526785612106323, 0.9508928656578064, 0.9558035731315613, 0.9604910612106323, 0.9591518044471741, 0.9631696343421936, 0.9631696343421936, 0.9580357074737549, 0.9595982432365417, 0.9700892567634583, 0.9700892567634583, 0.9720982313156128, 0.9729910492897034, 0.9732142686843872, 0.9763392806053162, 0.9754464030265808, 0.9790178537368774, 0.9794642925262451, 0.9819196462631226, 0.9828125238418579, 0.9825893044471741, 0.9841517806053162, 0.9863839149475098], "val_loss": [1.2196497917175293, 1.0143216848373413, 0.8567609786987305, 0.7575174570083618, 0.711197555065155, 0.6700748801231384, 0.6467186808586121, 0.6371480226516724, 0.607426643371582, 0.5952830910682678, 0.5804166197776794, 0.5742690563201904, 0.556201159954071, 0.549915611743927, 0.538642942905426, 0.5257278680801392, 0.5082682371139526, 0.5030021667480469, 0.5300391316413879, 0.48883721232414246, 0.4732040464878082, 0.4765945374965668, 0.4653926193714142, 0.4617362916469574, 0.44414395093917847, 0.4509832262992859, 0.4836921691894531, 0.4215121269226074, 0.422420471906662, 0.41257980465888977, 0.4216806888580322, 0.4031934142112732, 0.3995043635368347, 0.39774203300476074, 0.3918007016181946, 0.39888861775398254, 0.40362799167633057, 0.38858217000961304, 0.40267670154571533, 0.38679730892181396, 0.39605218172073364, 0.38454920053482056, 0.3808644413948059, 0.39183175563812256, 0.37575584650039673, 0.375461220741272, 0.3796635866165161, 0.380594402551651, 0.3684066832065582, 0.4376380145549774, 0.3738578259944916, 0.3704927861690521, 0.3803286552429199, 0.3702836036682129, 0.36529815196990967, 0.36598753929138184, 0.39567744731903076, 0.3786163330078125, 0.3734258711338043, 0.3818264901638031, 0.39482221007347107, 0.38164016604423523, 0.39003923535346985, 0.3831365704536438, 0.3792244493961334], "val_accuracy": [0.42321428656578064, 0.6446428298950195, 0.6598214507102966, 0.7133928537368774, 0.7107142806053162, 0.7151785492897034, 0.7455357313156128, 0.7437499761581421, 0.7598214149475098, 0.7607142925262451, 0.7749999761581421, 0.7642857432365417, 0.7848214507102966, 0.7839285731315613, 0.7857142686843872, 0.7883928418159485, 0.7973214387893677, 0.7991071343421936, 0.7991071343421936, 0.8125, 0.8205357193946838, 0.8169642686843872, 0.8223214149475098, 0.8258928656578064, 0.8339285850524902, 0.8330357074737549, 0.8116071224212646, 0.8446428775787354, 0.8374999761581421, 0.8482142686843872, 0.8419643044471741, 0.8526785969734192, 0.8571428656578064, 0.8553571701049805, 0.8571428656578064, 0.8491071462631226, 0.8464285731315613, 0.8616071343421936, 0.8642857074737549, 0.856249988079071, 0.8517857193946838, 0.8687499761581421, 0.8660714030265808, 0.8660714030265808, 0.8741071224212646, 0.8741071224212646, 0.8705357313156128, 0.8723214268684387, 0.875, 0.8508928418159485, 0.8794642686843872, 0.8767856955528259, 0.8758928775787354, 0.8660714030265808, 0.8705357313156128, 0.875, 0.8696428537368774, 0.8776785731315613, 0.875, 0.8696428537368774, 0.8758928775787354, 0.8776785731315613, 0.8687499761581421, 0.8758928775787354, 0.8732143044471741]}