{"loss": [1.382779836654663, 1.3667054176330566, 1.3193445205688477, 1.2312312126159668, 1.1444149017333984, 1.0733680725097656, 1.0170612335205078, 0.9746176600456238, 0.9491337537765503, 0.9227481484413147, 0.8882764577865601, 0.8659423589706421, 0.8495663404464722, 0.8396053910255432, 0.8236662745475769, 0.8140386939048767, 0.8070680499076843, 0.7915841341018677, 0.7858656048774719, 0.7740188837051392, 0.7639589309692383, 0.764842689037323, 0.7487090229988098, 0.7428924441337585, 0.7386024594306946, 0.7333639860153198, 0.7411365509033203, 0.7278197407722473, 0.7174832224845886, 0.7088212370872498, 0.7051672339439392, 0.6947031021118164, 0.691706657409668, 0.6988879442214966, 0.690518856048584, 0.6838687062263489, 0.6756401658058167, 0.6713211536407471, 0.678455114364624, 0.665569007396698, 0.6566150188446045, 0.654220700263977, 0.6504861116409302, 0.6517775654792786, 0.6463483572006226, 0.6432613134384155, 0.6284716725349426, 0.6288976073265076, 0.6270405054092407, 0.6218474507331848, 0.6189749836921692, 0.614347517490387, 0.6131373047828674, 0.6196089386940002, 0.618640124797821, 0.6041387319564819, 0.6014596223831177, 0.5958825349807739, 0.5991766452789307, 0.5965650081634521, 0.5856137871742249, 0.5832103490829468, 0.5861946940422058, 0.5798420310020447, 0.5782263278961182, 0.5773601531982422, 0.5738481283187866, 0.5729100108146667, 0.5692283511161804, 0.5721293687820435, 0.5740060210227966, 0.5557711720466614, 0.5586487054824829, 0.5619273781776428, 0.5534213185310364, 0.5497604012489319, 0.5519353747367859, 0.5455269813537598, 0.5507168769836426, 0.5440517067909241, 0.5522530674934387, 0.5387712121009827, 0.5371447801589966, 0.5303064584732056, 0.5237016677856445, 0.5247499942779541, 0.5267559289932251, 0.5190458297729492, 0.5262727737426758, 0.5198608636856079, 0.5107333064079285, 0.5123268961906433, 0.5125292539596558, 0.514107346534729, 0.5125070214271545, 0.5070274472236633, 0.5005433559417725, 0.5072125792503357, 0.5054405927658081, 0.4976663887500763], "accuracy": [0.2872767746448517, 0.30892857909202576, 0.5158482193946838, 0.5651785731315613, 0.5919643044471741, 0.6187499761581421, 0.6457589268684387, 0.6511160731315613, 0.6613839268684387, 0.6743303537368774, 0.6792410612106323, 0.6897321343421936, 0.6926339268684387, 0.6861607432365417, 0.6939732432365417, 0.7002232074737549, 0.6950892806053162, 0.6997767686843872, 0.7098214030265808, 0.7118303775787354, 0.7073660492897034, 0.7109375, 0.721875011920929, 0.7176339030265808, 0.7194196581840515, 0.7149553298950195, 0.715624988079071, 0.7194196581840515, 0.7272321581840515, 0.7281249761581421, 0.7305803298950195, 0.7363839149475098, 0.7334821224212646, 0.7236607074737549, 0.7305803298950195, 0.7337053418159485, 0.7386160492897034, 0.737500011920929, 0.7381696701049805, 0.7412946224212646, 0.7437499761581421, 0.7424107193946838, 0.7462053298950195, 0.7473214268684387, 0.7412946224212646, 0.7444196343421936, 0.754687488079071, 0.7562500238418579, 0.75, 0.7533482313156128, 0.7526785731315613, 0.7502232193946838, 0.7584821581840515, 0.7558035850524902, 0.7555803656578064, 0.7602678537368774, 0.7580357193946838, 0.7636160850524902, 0.7575892806053162, 0.7629464268684387, 0.768750011920929, 0.7674106955528259, 0.7727678418159485, 0.7714285850524902, 0.7685267925262451, 0.7709821462631226, 0.7723214030265808, 0.7727678418159485, 0.7729910612106323, 0.7747767567634583, 0.7723214030265808, 0.7796875238418579, 0.7814732193946838, 0.7803571224212646, 0.7857142686843872, 0.7852678298950195, 0.7832589149475098, 0.785937488079071, 0.7837053537368774, 0.7848214507102966, 0.7767857313156128, 0.7879464030265808, 0.7879464030265808, 0.7933035492897034, 0.7991071343421936, 0.7950893044471741, 0.7991071343421936, 0.7975446581840515, 0.7955357432365417, 0.7953125238418579, 0.8024553656578064, 0.796875, 0.7995535731315613, 0.7993303537368774, 0.8013392686843872, 0.8037946224212646, 0.8055803775787354, 0.8037946224212646, 0.7986606955528259, 0.8095982074737549], "val_loss": [1.37752103805542, 1.3517507314682007, 1.2832105159759521, 1.186751365661621, 1.1089540719985962, 1.0522743463516235, 1.0142369270324707, 0.9659656882286072, 0.9359742403030396, 0.9069780707359314, 0.8921388983726501, 0.8778169751167297, 0.8752062320709229, 0.8478453755378723, 0.842265784740448, 0.8323246836662292, 0.8304969668388367, 0.8213440775871277, 0.8289898037910461, 0.8189358711242676, 0.8031888604164124, 0.796867311000824, 0.7874577641487122, 0.8069894313812256, 0.7750450968742371, 0.7678070068359375, 0.8409306406974792, 0.7589585185050964, 0.760008692741394, 0.7522393465042114, 0.7481221556663513, 0.7420167326927185, 0.7423146367073059, 0.731552243232727, 0.7393980622291565, 0.7390900254249573, 0.7224265336990356, 0.7345382571220398, 0.7456786036491394, 0.7153959274291992, 0.7246834635734558, 0.7111536860466003, 0.7082461714744568, 0.7004168629646301, 0.7032819390296936, 0.7014258503913879, 0.6965847611427307, 0.6945233941078186, 0.6956700086593628, 0.6887750029563904, 0.6960095167160034, 0.6840160489082336, 0.6881738901138306, 0.7075875401496887, 0.6906487345695496, 0.6814786791801453, 0.6755094528198242, 0.6921766996383667, 0.6824971437454224, 0.6635317206382751, 0.6833393573760986, 0.6965799927711487, 0.7007405757904053, 0.6638264060020447, 0.673228919506073, 0.653246283531189, 0.6614186763763428, 0.6586914658546448, 0.662350594997406, 0.6487893462181091, 0.6487680673599243, 0.6741709113121033, 0.6750319004058838, 0.6561511158943176, 0.6371633410453796, 0.6398378610610962, 0.6462286710739136, 0.6365980505943298, 0.6365019083023071, 0.648729145526886, 0.6407210826873779, 0.6445324420928955, 0.6324794292449951, 0.6368067860603333, 0.6215968728065491, 0.6277564167976379, 0.6463174819946289, 0.6137412786483765, 0.6574050784111023, 0.6081997752189636, 0.6117963194847107, 0.622334897518158, 0.6146328449249268, 0.6164624691009521, 0.6063181161880493, 0.6149544715881348, 0.5973930954933167, 0.6164763569831848, 0.6212812662124634, 0.5981665849685669], "val_accuracy": [0.24375000596046448, 0.42767858505249023, 0.5383928418159485, 0.5910714268684387, 0.581250011920929, 0.6133928298950195, 0.6232143044471741, 0.6571428775787354, 0.6696428656578064, 0.6625000238418579, 0.6696428656578064, 0.6526785492897034, 0.6642857193946838, 0.6767857074737549, 0.675000011920929, 0.6741071343421936, 0.6696428656578064, 0.6758928298950195, 0.6642857193946838, 0.6723214387893677, 0.6946428418159485, 0.6839285492897034, 0.6821428537368774, 0.6866071224212646, 0.6821428537368774, 0.6928571462631226, 0.6428571343421936, 0.6919642686843872, 0.6892856955528259, 0.6964285969734192, 0.7035714387893677, 0.6982142925262451, 0.7017857432365417, 0.706250011920929, 0.6982142925262451, 0.7026785612106323, 0.7089285850524902, 0.6946428418159485, 0.7008928656578064, 0.7080357074737549, 0.7053571343421936, 0.7080357074737549, 0.7169643044471741, 0.7124999761581421, 0.7169643044471741, 0.7151785492897034, 0.71875, 0.7223214507102966, 0.7214285731315613, 0.7151785492897034, 0.7205356955528259, 0.7223214507102966, 0.7214285731315613, 0.7107142806053162, 0.7232142686843872, 0.7232142686843872, 0.7250000238418579, 0.7250000238418579, 0.7285714149475098, 0.7303571701049805, 0.7151785492897034, 0.7133928537368774, 0.7089285850524902, 0.7357142567634583, 0.7303571701049805, 0.7330357432365417, 0.7214285731315613, 0.731249988079071, 0.7383928298950195, 0.7401785850524902, 0.7437499761581421, 0.7321428656578064, 0.71875, 0.7482143044471741, 0.75, 0.7562500238418579, 0.7455357313156128, 0.7517856955528259, 0.7535714507102966, 0.7437499761581421, 0.7526785731315613, 0.7535714507102966, 0.7428571581840515, 0.7419642806053162, 0.7517856955528259, 0.7589285969734192, 0.7419642806053162, 0.7669642567634583, 0.7482143044471741, 0.7678571343421936, 0.7571428418159485, 0.75, 0.7696428298950195, 0.7616071701049805, 0.7741071581840515, 0.7508928775787354, 0.7767857313156128, 0.7651785612106323, 0.7571428418159485, 0.7714285850524902]}