{"loss": [1.3574780225753784, 1.2256637811660767, 1.0407936573028564, 0.8949313163757324, 0.810060977935791, 0.7509558200836182, 0.7107130885124207, 0.6780703663825989, 0.6546729207038879, 0.630297839641571, 0.6089532375335693, 0.5867329835891724, 0.5714612603187561, 0.5529836416244507, 0.5386584401130676, 0.5247414112091064, 0.5124412178993225, 0.49894997477531433, 0.4876774847507477, 0.47606703639030457, 0.46514707803726196, 0.4541531205177307, 0.4435536563396454, 0.43784987926483154, 0.4277818202972412, 0.41802459955215454, 0.41551488637924194, 0.4055270254611969, 0.3936826288700104, 0.38657012581825256, 0.3775162696838379, 0.3694687485694885, 0.35938820242881775, 0.35266929864883423, 0.3473743498325348, 0.33704620599746704, 0.33355990052223206, 0.3211008608341217, 0.3174421787261963, 0.31398001313209534, 0.30574285984039307, 0.2945433557033539, 0.2893587648868561, 0.28133425116539, 0.27912697196006775, 0.2696022093296051, 0.26224130392074585, 0.253788560628891, 0.24959327280521393, 0.2481679916381836, 0.2393493354320526, 0.23215682804584503, 0.22717398405075073, 0.22031404078006744, 0.2157183438539505, 0.21117691695690155, 0.2048921138048172, 0.2014080435037613, 0.19253571331501007, 0.191426619887352, 0.1838158518075943, 0.1783967763185501, 0.17362311482429504, 0.17039799690246582, 0.16320829093456268, 0.16193704307079315, 0.15970030426979065, 0.1535080522298813, 0.14763815701007843, 0.14577944576740265, 0.13919302821159363, 0.13609081506729126, 0.13557083904743195, 0.13050644099712372, 0.12521643936634064, 0.12396330386400223, 0.12220290303230286, 0.115970678627491, 0.12239089608192444, 0.11629961431026459, 0.10835323482751846, 0.10702487081289291, 0.10469499975442886, 0.10177943855524063, 0.09336233139038086, 0.09423362463712692, 0.08892299234867096, 0.08734173327684402, 0.08680354803800583, 0.08343923091888428, 0.07992800325155258, 0.08006410300731659, 0.07651746273040771, 0.07408536225557327, 0.07242628931999207, 0.07024872303009033, 0.06685058772563934, 0.06609082221984863, 0.06635288894176483, 0.06333810091018677], "accuracy": [0.2662946283817291, 0.4950892925262451, 0.6245535612106323, 0.6805803775787354, 0.6975446343421936, 0.7191964387893677, 0.7314732074737549, 0.7421875, 0.7439731955528259, 0.7551339268684387, 0.760937511920929, 0.7725446224212646, 0.7716518044471741, 0.785937488079071, 0.7917410731315613, 0.7988839149475098, 0.8037946224212646, 0.8091517686843872, 0.8154017925262451, 0.8232142925262451, 0.8238839507102966, 0.8316964507102966, 0.8363839387893677, 0.8343750238418579, 0.8399553298950195, 0.8457589149475098, 0.8433035612106323, 0.848437488079071, 0.8558035492897034, 0.8551339507102966, 0.8611606955528259, 0.8604910969734192, 0.8662946224212646, 0.8723214268684387, 0.8732143044471741, 0.878125011920929, 0.8756696581840515, 0.885937511920929, 0.8888393044471741, 0.8908482193946838, 0.890625, 0.8982142806053162, 0.8959821462631226, 0.9004464149475098, 0.9029017686843872, 0.9073660969734192, 0.9102678298950195, 0.9156249761581421, 0.9191964268684387, 0.9160714149475098, 0.9194196462631226, 0.9207589030265808, 0.925000011920929, 0.9274553656578064, 0.9290178418159485, 0.9325892925262451, 0.9316964149475098, 0.9310267567634583, 0.9395089149475098, 0.9383928775787354, 0.940625011920929, 0.9435268044471741, 0.9446428418159485, 0.9473214149475098, 0.9493303298950195, 0.9491071701049805, 0.9508928656578064, 0.9529017806053162, 0.9564732313156128, 0.9544642567634583, 0.9602678418159485, 0.9607142806053162, 0.9591518044471741, 0.9631696343421936, 0.9629464149475098, 0.9645089507102966, 0.9665178656578064, 0.9683035612106323, 0.9651785492897034, 0.9667410850524902, 0.9696428775787354, 0.9712053537368774, 0.9714285731315613, 0.9716517925262451, 0.9761160612106323, 0.9747768044471741, 0.9792410731315613, 0.9792410731315613, 0.9787946343421936, 0.9794642925262451, 0.9814732074737549, 0.9819196462631226, 0.9821428656578064, 0.9821428656578064, 0.9830357432365417, 0.984375, 0.9857142567634583, 0.9834821224212646, 0.9861606955528259, 0.9870535731315613], "val_loss": [1.3023955821990967, 1.1263713836669922, 0.9604944586753845, 0.8573364019393921, 0.7982985377311707, 0.7613779902458191, 0.7317479848861694, 0.7293933629989624, 0.6921474933624268, 0.6770898103713989, 0.6594420075416565, 0.6553491950035095, 0.633734941482544, 0.6208211779594421, 0.6117627024650574, 0.6057501435279846, 0.5921195149421692, 0.584874153137207, 0.5876233577728271, 0.5727568864822388, 0.5635391473770142, 0.5535642504692078, 0.5493754744529724, 0.548604428768158, 0.5388157367706299, 0.5533562898635864, 0.5376608967781067, 0.5188251733779907, 0.5213251113891602, 0.5101191401481628, 0.5200439095497131, 0.4946913719177246, 0.4954168498516083, 0.4865552484989166, 0.4897124171257019, 0.4777417778968811, 0.48890790343284607, 0.4763640761375427, 0.462850421667099, 0.4698711335659027, 0.45544862747192383, 0.45386436581611633, 0.44233110547065735, 0.45395129919052124, 0.43846264481544495, 0.4403300881385803, 0.4257839620113373, 0.4336490035057068, 0.4209621548652649, 0.4329129159450531, 0.4163803458213806, 0.4104984402656555, 0.41175562143325806, 0.4050900638103485, 0.40166038274765015, 0.40646958351135254, 0.4055200517177582, 0.3928908109664917, 0.3950028717517853, 0.4041283130645752, 0.40972816944122314, 0.39752161502838135, 0.3918919265270233, 0.3961681127548218, 0.3934613764286041, 0.41038963198661804, 0.3859236240386963, 0.38682204484939575, 0.38219037652015686, 0.3800067603588104, 0.3755895793437958, 0.3902866244316101, 0.3887690007686615, 0.38116416335105896, 0.3711429536342621, 0.36860519647598267, 0.3747628331184387, 0.3796677589416504, 0.3933027982711792, 0.38240352272987366, 0.3702889382839203, 0.3748340904712677, 0.3782270848751068, 0.3737696409225464, 0.36524471640586853, 0.370985209941864, 0.3747696578502655, 0.3652237355709076, 0.3737080693244934, 0.3690282106399536, 0.3711603581905365, 0.372941792011261, 0.3734323978424072, 0.38543057441711426, 0.3786112070083618, 0.3683513104915619, 0.3741667866706848, 0.3877331018447876, 0.3940834403038025, 0.3750011920928955],