{"loss": [1.3552340269088745, 1.2022099494934082, 1.0053880214691162, 0.8603292107582092, 0.7747380137443542, 0.7174535989761353, 0.6746504902839661, 0.647834300994873, 0.6189203262329102, 0.5948991179466248, 0.5726688504219055, 0.5584670305252075, 0.5357511639595032, 0.5170055627822876, 0.5010819435119629, 0.48196905851364136, 0.4710763692855835, 0.4455885887145996, 0.4408855438232422, 0.43520697951316833, 0.4076955318450928, 0.4059464931488037, 0.3812134861946106, 0.36820700764656067, 0.3611281216144562, 0.35088351368904114, 0.34389054775238037, 0.3300112783908844, 0.31320440769195557, 0.29842624068260193, 0.27739599347114563, 0.27083128690719604, 0.26944494247436523, 0.24976441264152527, 0.23473131656646729, 0.2357667088508606, 0.22810520231723785, 0.21783490478992462, 0.21482649445533752, 0.19307498633861542, 0.18409094214439392, 0.17393234372138977, 0.17472511529922485, 0.1655856817960739, 0.15431426465511322, 0.15686090290546417, 0.13340871036052704, 0.13371305167675018, 0.13059084117412567, 0.13210633397102356, 0.12810394167900085, 0.11829040944576263, 0.10958634316921234, 0.09619516134262085, 0.09977645426988602, 0.09687712043523788, 0.09035684168338776, 0.0984174907207489, 0.08080444484949112, 0.07711789011955261, 0.07578933238983154, 0.0727519616484642, 0.06664423644542694, 0.07385297864675522, 0.05931708589196205, 0.066322922706604], "accuracy": [0.3850446343421936, 0.5263392925262451, 0.6133928298950195, 0.6631696224212646, 0.6993303298950195, 0.7252232432365417, 0.7337053418159485, 0.7446428537368774, 0.7553571462631226, 0.7676339149475098, 0.7745535969734192, 0.7830356955528259, 0.792187511920929, 0.8031250238418579, 0.8091517686843872, 0.8165178298950195, 0.8220981955528259, 0.8332589268684387, 0.8372767567634583, 0.8339285850524902, 0.8479910492897034, 0.8473214507102966, 0.8613839149475098, 0.8598214387893677, 0.8642857074737549, 0.8720982074737549, 0.8763392567634583, 0.8792410492897034, 0.8828125, 0.8895089030265808, 0.9089285731315613, 0.903124988079071, 0.9064732193946838, 0.9122768044471741, 0.9194196462631226, 0.9183035492897034, 0.9156249761581421, 0.926562488079071, 0.9281250238418579, 0.9323660731315613, 0.9386160969734192, 0.942187488079071, 0.940625011920929, 0.9439732432365417, 0.948437511920929, 0.9479910731315613, 0.9587053656578064, 0.9582589268684387, 0.9582589268684387, 0.9580357074737549, 0.9582589268684387, 0.9600446224212646, 0.9649553298950195, 0.9703124761581421, 0.9689732193946838, 0.9705356955528259, 0.9729910492897034, 0.9689732193946838, 0.9741071462631226, 0.9750000238418579, 0.9790178537368774, 0.9776785969734192, 0.9792410731315613, 0.9787946343421936, 0.9839285612106323, 0.9794642925262451], "val_loss": [1.282048225402832, 1.0815715789794922, 0.8860057592391968, 0.7913374304771423, 0.7415345907211304, 0.7098703980445862, 0.6832475662231445, 0.6752349138259888, 0.645617663860321, 0.6316540241241455, 0.6084784269332886, 0.6023665070533752, 0.598377525806427, 0.569825291633606, 0.5544112324714661, 0.5477061867713928, 0.5242457389831543, 0.5166556239128113, 0.5436984896659851, 0.5172274112701416, 0.49504294991493225, 0.4947020411491394, 0.4697134792804718, 0.4974067807197571, 0.4558667838573456, 0.4727747142314911, 0.47972771525382996, 0.4281712770462036, 0.435068279504776, 0.4146125316619873, 0.4071688652038574, 0.401120662689209, 0.3930452764034271, 0.3903549909591675, 0.40903303027153015, 0.3816090226173401, 0.4090905487537384, 0.3966754972934723, 0.3972102701663971, 0.36634355783462524, 0.3600662648677826, 0.35974082350730896, 0.3621235489845276, 0.36614328622817993, 0.3574548065662384, 0.35979723930358887, 0.34191572666168213, 0.36743679642677307, 0.3670269548892975, 0.41668012738227844, 0.3573438227176666, 0.3477674424648285, 0.36747249960899353, 0.3496147096157074, 0.35467955470085144, 0.3347109854221344, 0.40977054834365845, 0.34179258346557617, 0.34538060426712036, 0.34421250224113464, 0.36721011996269226, 0.34995609521865845, 0.3535703420639038, 0.36071136593818665, 0.39722490310668945, 0.39343687891960144], "val_accuracy": [0.4044642746448517, 0.6205357313156128, 0.6660714149475098, 0.6767857074737549, 0.6955357193946838, 0.7035714387893677, 0.7241071462631226, 0.7214285731315613, 0.7366071343421936, 0.7553571462631226, 0.7580357193946838, 0.7696428298950195, 0.7526785731315613, 0.7776785492897034, 0.7875000238418579, 0.7883928418159485, 0.7964285612106323, 0.8044642806053162, 0.7946428656578064, 0.7982142567634583, 0.8107143044471741, 0.8089285492897034, 0.8142856955528259, 0.8098214268684387, 0.8232142925262451, 0.8223214149475098, 0.8035714030265808, 0.8374999761581421, 0.831250011920929, 0.8410714268684387, 0.8410714268684387, 0.8517857193946838, 0.8517857193946838, 0.856249988079071, 0.8517857193946838, 0.8571428656578064, 0.8553571701049805, 0.8535714149475098, 0.8669642806053162, 0.8678571581840515, 0.8696428537368774, 0.8732143044471741, 0.8696428537368774, 0.8741071224212646, 0.875, 0.8642857074737549, 0.8821428418159485, 0.8767856955528259, 0.8839285969734192, 0.8678571581840515, 0.8758928775787354, 0.8821428418159485, 0.8785714507102966, 0.875, 0.8848214149475098, 0.8830357193946838, 0.8642857074737549, 0.8839285969734192, 0.8821428418159485, 0.887499988079071, 0.8839285969734192, 0.8919642567634583, 0.8785714507102966, 0.887499988079071, 0.8839285969734192, 0.8732143044471741]}