{"loss": [1.3456138372421265, 1.2016710042953491, 1.0293790102005005, 0.912868320941925, 0.8462589383125305, 0.8029999136924744, 0.7753450274467468, 0.7502413988113403, 0.7320993542671204, 0.7145166397094727, 0.7023057341575623, 0.6818029284477234, 0.6709118485450745, 0.6556604504585266, 0.6500905156135559, 0.6369378566741943, 0.6321099996566772, 0.6175070405006409, 0.6166695356369019, 0.6124197840690613, 0.5970622301101685, 0.6028492450714111, 0.5836841464042664, 0.5841134786605835, 0.5837743282318115, 0.5740339159965515, 0.5758283734321594, 0.566571056842804, 0.5458788871765137, 0.5505515933036804, 0.5445087552070618, 0.5235006213188171, 0.5295838713645935, 0.5275284051895142, 0.5327839255332947, 0.5180390477180481, 0.5090366005897522, 0.4982469975948334, 0.5090547204017639, 0.4963361918926239, 0.485796183347702, 0.4904457628726959, 0.47729170322418213, 0.47611182928085327, 0.4778270125389099, 0.46743497252464294, 0.4734888970851898, 0.4582110345363617, 0.450808048248291, 0.45686349272727966, 0.45795610547065735, 0.44505390524864197, 0.4470018446445465, 0.44891199469566345, 0.4451541602611542, 0.43939679861068726, 0.433043897151947, 0.4270986020565033, 0.420244961977005, 0.43327948451042175, 0.42075905203819275, 0.4120043218135834, 0.4123038053512573, 0.40967002511024475, 0.41126665472984314, 0.4101927876472473, 0.4104374647140503, 0.4045149087905884, 0.39886674284935, 0.3934168815612793, 0.3930151164531708, 0.3972201645374298, 0.3915883004665375, 0.37620383501052856, 0.3767606317996979, 0.3871285021305084, 0.37991613149642944, 0.37377774715423584, 0.3673495352268219, 0.379687637090683, 0.3716225326061249, 0.37156450748443604, 0.36357736587524414, 0.37087005376815796, 0.3511459529399872, 0.3467983305454254, 0.3419877886772156, 0.3530814051628113, 0.35420653223991394, 0.3482268452644348, 0.34464243054389954, 0.3377818763256073, 0.3481360375881195, 0.33367326855659485, 0.33397525548934937, 0.3389226496219635, 0.32158172130584717, 0.32670092582702637, 0.3340490758419037, 0.31528133153915405], "accuracy": [0.32008928060531616, 0.4973214268684387, 0.5995535850524902, 0.6477678418159485, 0.6729910969734192, 0.6904017925262451, 0.6966517567634583, 0.7089285850524902, 0.7138392925262451, 0.7183035612106323, 0.7243303656578064, 0.7345982193946838, 0.7370535731315613, 0.746874988079071, 0.7457589507102966, 0.7558035850524902, 0.7491071224212646, 0.7593749761581421, 0.7564732432365417, 0.7600446343421936, 0.7689732313156128, 0.7595981955528259, 0.7696428298950195, 0.7660714387893677, 0.7712053656578064, 0.7691964507102966, 0.7767857313156128, 0.7770089507102966, 0.7883928418159485, 0.7872768044471741, 0.7926339507102966, 0.7944196462631226, 0.7957589030265808, 0.7957589030265808, 0.7892857193946838, 0.7975446581840515, 0.8033482432365417, 0.8098214268684387, 0.8002232313156128, 0.8087053298950195, 0.809374988079071, 0.8100446462631226, 0.817187488079071, 0.8169642686843872, 0.8158482313156128, 0.8220981955528259, 0.8151785731315613, 0.8225446343421936, 0.8247767686843872, 0.8220981955528259, 0.8196428418159485, 0.8292410969734192, 0.8296874761581421, 0.8243303298950195, 0.828125, 0.8341518044471741, 0.8323660492897034, 0.8374999761581421, 0.8357142806053162, 0.8392857313156128, 0.8352678418159485, 0.8430803418159485, 0.8395089507102966, 0.8428571224212646, 0.8408482074737549, 0.8401785492897034, 0.8455356955528259, 0.8417410850524902, 0.8493303656578064, 0.8453124761581421, 0.8453124761581421, 0.846875011920929, 0.8497768044471741, 0.8533481955528259, 0.8544642925262451, 0.8526785969734192, 0.8486607074737549, 0.8533481955528259, 0.8636160492897034, 0.8571428656578064, 0.8566964268684387, 0.854687511920929, 0.8620535731315613, 0.8578125238418579, 0.8656250238418579, 0.8712053298950195, 0.8665178418159485, 0.8680803775787354, 0.8616071343421936, 0.8674107193946838, 0.8709821701049805, 0.8723214268684387, 0.8665178418159485, 0.871874988079071, 0.8714285492897034, 0.8707589507102966, 0.8770089149475098, 0.8767856955528259, 0.8698660731315613, 0.8754464387893677], "val_loss": [1.270310401916504, 1.0783236026763916, 0.9135878682136536, 0.8354553580284119, 0.8037412762641907, 0.789848268032074, 0.7631331086158752, 0.787642240524292, 0.7253578305244446, 0.7211544513702393, 0.693433940410614, 0.6893358826637268, 0.6829832196235657, 0.6599588394165039, 0.6480178236961365, 0.6456259489059448, 0.6262187957763672, 0.6250857710838318, 0.6291518211364746, 0.6019309163093567, 0.6123917102813721, 0.6139882802963257, 0.591917872428894, 0.6085963845252991, 0.5718929767608643, 0.5887751579284668, 0.5691908597946167, 0.5648522973060608, 0.5574286580085754, 0.5438249707221985, 0.5441373586654663, 0.540928065776825, 0.5363031625747681, 0.5287148952484131, 0.5289557576179504, 0.521645724773407, 0.5191088914871216, 0.5242669582366943, 0.5310341119766235, 0.5118660926818848, 0.5055938363075256, 0.49947187304496765, 0.4889548122882843, 0.4964510202407837, 0.4908604323863983, 0.49535271525382996, 0.4888858199119568, 0.48898783326148987, 0.47436103224754333, 0.48744866251945496, 0.47870615124702454, 0.4629499018192291, 0.4744910001754761, 0.48623788356781006, 0.475801944732666, 0.45448237657546997, 0.46061477065086365, 0.4510633945465088, 0.4619668126106262, 0.4458217918872833, 0.4533715844154358, 0.4431443214416504, 0.44125550985336304, 0.44073382019996643, 0.4391016960144043, 0.4371395707130432, 0.4324909746646881, 0.4242379367351532, 0.41773417592048645, 0.42288103699684143, 0.41981205344200134, 0.42345836758613586, 0.4265231192111969, 0.4060285985469818, 0.4153614044189453, 0.4104763865470886, 0.40228137373924255, 0.40116581320762634, 0.40278083086013794, 0.41543835401535034, 0.4090653359889984, 0.3816206753253937, 0.39250221848487854, 0.3997116982936859, 0.3784219026565552, 0.37953728437423706, 0.3763573169708252, 0.37251222133636475, 0.3851020038127899, 0.3969813883304596, 0.400637149810791, 0.3850364685058594, 0.3816905915737152, 0.3736739456653595, 0.3712058961391449, 0.35996565222740173, 0.35898464918136597, 0.35139280557632446, 0.37594079971313477, 0.3437536954879761],