{"loss": [1.3498462438583374, 1.128542423248291, 0.8786496520042419, 0.7237827777862549, 0.6281205415725708, 0.56870037317276, 0.5141663551330566, 0.4662501811981201, 0.4222610592842102, 0.3845854103565216, 0.3533090353012085, 0.31654027104377747, 0.28061121702194214, 0.253142774105072, 0.23314516246318817, 0.20965321362018585, 0.1836264580488205, 0.16991975903511047, 0.14690236747264862], "accuracy": [0.4100446403026581, 0.5560267567634583, 0.6341517567634583, 0.682812511920929, 0.7254464030265808, 0.7575892806053162, 0.7790178656578064, 0.7977678775787354, 0.8142856955528259, 0.8381696343421936, 0.8540178537368774, 0.8714285492897034, 0.8886160850524902, 0.8991071581840515, 0.9125000238418579, 0.9238839149475098, 0.9321428537368774, 0.9410714507102966, 0.9495535492897034], "val_loss": [1.2575947046279907, 0.986920177936554, 0.7813100814819336, 0.6887659430503845, 0.6522337198257446, 0.6382112503051758, 0.6111858487129211, 0.6117429733276367, 0.5905415415763855, 0.597235918045044, 0.6004007458686829, 0.6044403314590454, 0.630276083946228, 0.6403215527534485, 0.6656592488288879, 0.6667923331260681, 0.6913338899612427, 0.7082239985466003, 0.7292540073394775], "val_accuracy": [0.5910714268684387, 0.6294642686843872, 0.668749988079071, 0.7044642567634583, 0.7124999761581421, 0.7196428775787354, 0.7250000238418579, 0.7357142567634583, 0.7383928298950195, 0.7419642806053162, 0.7535714507102966, 0.7428571581840515, 0.7535714507102966, 0.7571428418159485, 0.7598214149475098, 0.7562500238418579, 0.7642857432365417, 0.7660714387893677, 0.7589285969734192]}