{"loss": [1.3853048086166382, 1.378627061843872, 1.3493289947509766, 1.2546097040176392, 1.1331111192703247, 1.0328989028930664, 0.950319230556488, 0.9046890139579773, 0.8777415752410889, 0.8591877222061157, 0.8287909626960754, 0.8198350071907043, 0.7968263626098633, 0.7827271223068237, 0.7831525802612305, 0.7750623822212219, 0.762273907661438, 0.7534437775611877, 0.7421684265136719, 0.7285223007202148, 0.7116780281066895, 0.7106420397758484, 0.7232214212417603, 0.6990265250205994, 0.6980341672897339, 0.6790118217468262, 0.6724246740341187, 0.6852403879165649, 0.6695501208305359, 0.6622135043144226, 0.6453122496604919, 0.654841423034668, 0.6646495461463928, 0.668576180934906, 0.635834813117981, 0.6464985609054565, 0.6340563297271729, 0.6078099608421326, 0.620101273059845, 0.6108294725418091, 0.6146852374076843, 0.6158290505409241, 0.6019775867462158, 0.6039037704467773, 0.6090482473373413, 0.5831333994865417, 0.5762505531311035, 0.5726273655891418, 0.5804895162582397, 0.5671136975288391, 0.5710350275039673, 0.5771239399909973, 0.5553134083747864, 0.5583603382110596, 0.5653392672538757, 0.5574007630348206, 0.5574837327003479, 0.5552147626876831, 0.5583337545394897, 0.5493583083152771, 0.5371741056442261, 0.535905659198761, 0.5407512784004211, 0.5433705449104309, 0.5363397002220154, 0.5477335453033447, 0.53630530834198, 0.5278524160385132, 0.5231671333312988, 0.515116810798645, 0.5215504765510559, 0.5195339918136597, 0.5123629570007324, 0.5159948468208313, 0.505202054977417, 0.5070009827613831, 0.48655781149864197, 0.4966408908367157, 0.49555113911628723, 0.49712350964546204, 0.5057492852210999, 0.4839262366294861, 0.4783075749874115, 0.4853408932685852, 0.4774363934993744, 0.46845218539237976, 0.4703800678253174, 0.45908355712890625, 0.49546346068382263, 0.4576098918914795, 0.462011456489563, 0.47533753514289856, 0.469161719083786, 0.45352503657341003, 0.4590523838996887, 0.4500059485435486, 0.45610344409942627, 0.4583629071712494, 0.46314162015914917, 0.44410425424575806], "accuracy": [0.25312501192092896, 0.2872767746448517, 0.4022321403026581, 0.4709821343421936, 0.5419642925262451, 0.5941964387893677, 0.6401785612106323, 0.645312488079071, 0.6647321581840515, 0.6649553775787354, 0.6796875, 0.6837053298950195, 0.6901785731315613, 0.6912946701049805, 0.7002232074737549, 0.6966517567634583, 0.698437511920929, 0.7026785612106323, 0.7071428298950195, 0.7171875238418579, 0.7194196581840515, 0.7200892567634583, 0.7087053656578064, 0.7185267806053162, 0.7321428656578064, 0.7305803298950195, 0.7290178537368774, 0.7325893044471741, 0.737500011920929, 0.7316964268684387, 0.7439731955528259, 0.7381696701049805, 0.7341517806053162, 0.7381696701049805, 0.7459821701049805, 0.7370535731315613, 0.7424107193946838, 0.7558035850524902, 0.7582589387893677, 0.7629464268684387, 0.7524553537368774, 0.7582589387893677, 0.7578125, 0.7645089030265808, 0.7575892806053162, 0.7718750238418579, 0.7732142806053162, 0.7747767567634583, 0.7698660492897034, 0.7830356955528259, 0.7770089507102966, 0.7680803537368774, 0.7779017686843872, 0.7787946462631226, 0.7814732193946838, 0.7823660969734192, 0.7785714268684387, 0.7857142686843872, 0.7814732193946838, 0.7895089387893677, 0.7877232432365417, 0.7910714149475098, 0.7857142686843872, 0.7848214507102966, 0.7908481955528259, 0.7814732193946838, 0.7935267686843872, 0.7933035492897034, 0.7946428656578064, 0.8017857074737549, 0.7924107313156128, 0.7979910969734192, 0.7986606955528259, 0.7948660850524902, 0.8004464507102966, 0.8040178418159485, 0.8158482313156128, 0.8040178418159485, 0.8029018044471741, 0.7997767925262451, 0.7984374761581421, 0.8080357313156128, 0.8145089149475098, 0.8138392567634583, 0.8178571462631226, 0.8142856955528259, 0.8194196224212646, 0.8207589387893677, 0.8060267567634583, 0.8203125, 0.8154017925262451, 0.8129464387893677, 0.8187500238418579, 0.8272321224212646, 0.8194196224212646, 0.8256696462631226, 0.8232142925262451, 0.8238839507102966, 0.815625011920929, 0.8267857432365417], "val_loss": [1.3824377059936523, 1.3686280250549316, 1.3015962839126587, 1.1604201793670654, 1.048293113708496, 0.9685097932815552, 0.8910099864006042, 0.8744661211967468, 0.8341593146324158, 0.8666372299194336, 0.8106958270072937, 0.7968320846557617, 0.7847990393638611, 0.788404107093811, 0.7768232226371765, 0.8125113248825073, 0.7450135350227356, 0.7524873614311218, 0.7468520402908325, 0.7525271773338318, 0.7174383997917175, 0.734793484210968, 0.7182080745697021, 0.7353229522705078, 0.693138062953949, 0.6907370090484619, 0.6955377459526062, 0.6783697605133057, 0.7081677317619324, 0.6757547855377197, 0.6734274625778198, 0.6606715321540833, 0.6664459109306335, 0.6757268309593201, 0.6525865197181702, 0.726081132888794, 0.6509432196617126, 0.6418640613555908, 0.6665879487991333, 0.6527616381645203, 0.6583632826805115, 0.6554293036460876, 0.6346800327301025, 0.695326566696167, 0.6373308897018433, 0.6213176250457764, 0.6233475804328918, 0.6099060773849487, 0.6047194600105286, 0.6095108985900879, 0.6236063241958618, 0.6236435770988464, 0.6166180968284607, 0.6086456775665283, 0.6188574433326721, 0.6552550792694092, 0.6433876752853394, 0.6302178502082825, 0.6012416481971741, 0.5802046656608582, 0.599010169506073, 0.6251020431518555, 0.6346220970153809, 0.5862653255462646, 0.6180670857429504, 0.5732449293136597, 0.6244767904281616, 0.5701748728752136, 0.5756104588508606, 0.5815179944038391, 0.5754936933517456, 0.6002331972122192, 0.6212016344070435, 0.5598918199539185, 0.5668792128562927, 0.5536457300186157, 0.5616662502288818, 0.5518341064453125, 0.5593032240867615, 0.6529486775398254, 0.5841710567474365, 0.5536906719207764, 0.5509333610534668, 0.540882408618927, 0.5382500290870667, 0.5376771688461304, 0.539324164390564, 0.5606889724731445, 0.5651482939720154, 0.5435823798179626, 0.5582550764083862, 0.538284957408905, 0.538935661315918, 0.548021137714386, 0.5235404372215271, 0.5221651792526245, 0.5668339133262634, 0.5553207993507385, 0.5174099802970886, 0.5368921756744385], "val_accuracy": [0.24821428954601288, 0.3035714328289032, 0.5919643044471741, 0.6098214387893677, 0.6258928775787354, 0.6330357193946838, 0.6767857074737549, 0.6625000238418579, 0.6705357432365417, 0.6294642686843872, 0.6803571581840515, 0.6839285492897034, 0.6758928298950195, 0.6892856955528259, 0.6883928775787354, 0.6866071224212646, 0.6955357193946838, 0.6937500238418579, 0.6830357313156128, 0.6848214268684387, 0.7071428298950195, 0.6982142925262451, 0.7071428298950195, 0.6964285969734192, 0.71875, 0.731249988079071, 0.7107142806053162, 0.7294642925262451, 0.7205356955528259, 0.7303571701049805, 0.7285714149475098, 0.7357142567634583, 0.737500011920929, 0.7303571701049805, 0.7428571581840515, 0.699999988079071, 0.7544642686843872, 0.737500011920929, 0.7339285612106323, 0.7446428537368774, 0.737500011920929, 0.7357142567634583, 0.7571428418159485, 0.7276785969734192, 0.7455357313156128, 0.7491071224212646, 0.7473214268684387, 0.7616071701049805, 0.7589285969734192, 0.7553571462631226, 0.7517856955528259, 0.7526785731315613, 0.7535714507102966, 0.7544642686843872, 0.7598214149475098, 0.7437499761581421, 0.7366071343421936, 0.7383928298950195, 0.7616071701049805, 0.7705357074737549, 0.7589285969734192, 0.7464285492897034, 0.7330357432365417, 0.7705357074737549, 0.7633928656578064, 0.7767857313156128, 0.7544642686843872, 0.7785714268684387, 0.78125, 0.7741071581840515, 0.78125, 0.7678571343421936, 0.7508928775787354, 0.7866071462631226, 0.7803571224212646, 0.7866071462631226, 0.7848214507102966, 0.7857142686843872, 0.7821428775787354, 0.737500011920929, 0.7732142806053162, 0.7928571701049805, 0.7803571224212646, 0.7919642925262451, 0.7821428775787354, 0.7866071462631226, 0.7875000238418579, 0.7866071462631226, 0.7839285731315613, 0.7866071462631226, 0.7705357074737549, 0.78125, 0.800000011920929, 0.78125, 0.7964285612106323, 0.8026785850524902, 0.7830356955528259, 0.7741071581840515, 0.793749988079071, 0.8035714030265808]}