{"loss": [1.3498462438583374, 1.128542423248291, 0.8786496520042419, 0.7237827777862549, 0.6281205415725708, 0.56870037317276, 0.5141663551330566, 0.46625012159347534, 0.4222610592842102, 0.3845854103565216, 0.35330909490585327, 0.31654027104377747, 0.28061121702194214, 0.253142774105072, 0.23314516246318817, 0.20965322852134705, 0.1836264729499817, 0.16991975903511047, 0.14690236747264862, 0.1275581419467926, 0.1151520311832428, 0.09779885411262512, 0.07963955402374268, 0.06968493014574051, 0.06007199361920357, 0.05472223088145256, 0.04257894679903984, 0.03555040806531906, 0.029407266527414322, 0.02705647423863411, 0.022069204598665237, 0.018645036965608597, 0.017959650605916977, 0.015948567539453506, 0.015030626207590103, 0.012292161583900452, 0.01065849605947733, 0.007855022326111794, 0.011261875741183758, 0.011609907262027264, 0.009910527616739273, 0.007064975798130035, 0.0062622372061014175, 0.005168582312762737, 0.005516078323125839, 0.004595139995217323, 0.0045967018231749535, 0.0034300147090107203, 0.004198699723929167, 0.0036777483765035868, 0.006014948710799217, 0.0036521912552416325, 0.0036188724916428328, 0.002076118253171444, 0.0027411761693656445, 0.0038021665532141924, 0.00451941043138504, 0.004404711537063122, 0.0030783682595938444, 0.004621484782546759, 0.0024278622586280107, 0.002332762349396944, 0.003068752819672227, 0.001619915827177465, 0.001551408669911325, 0.0027224929071962833, 0.0016161762177944183, 0.002066717017441988, 0.0029717497527599335, 0.002278885804116726, 0.00149051146581769, 0.0022506131790578365, 0.002322278916835785, 0.02073710411787033, 0.017618276178836823, 0.010725779458880424, 0.004567887634038925, 0.002487824996933341, 0.002655384363606572, 0.002836638828739524, 0.0012522329343482852, 0.0012749193701893091, 0.001989375799894333, 0.001063040690496564, 0.0008941505802795291, 0.00093281693989411, 0.0006532567203976214, 0.0006019354914315045, 0.0007427330710925162, 0.0008126767934300005, 0.0010964709799736738, 0.0007486458052881062, 0.0005251017864793539, 0.0005199384759180248, 0.0008113635703921318, 0.0012107654474675655, 0.000665019266307354, 0.0010147395078092813, 0.000715902482625097, 0.0006657499470748007], "accuracy": [0.4100446403026581, 0.5560267567634583, 0.6341517567634583, 0.682812511920929, 0.7254464030265808, 0.7575892806053162, 0.7790178656578064, 0.7977678775787354, 0.8142856955528259, 0.8381696343421936, 0.8540178537368774, 0.8714285492897034, 0.8886160850524902, 0.8991071581840515, 0.9125000238418579, 0.9238839149475098, 0.9321428537368774, 0.9410714507102966, 0.9495535492897034, 0.9573660492897034, 0.9631696343421936, 0.9727678298950195, 0.9787946343421936, 0.9845982193946838, 0.9859374761581421, 0.9888392686843872, 0.9919642806053162, 0.9933035969734192, 0.9959821701049805, 0.9946428537368774, 0.9964285492897034, 0.9979910850524902, 0.9982143044471741, 0.9982143044471741, 0.9984375238418579, 0.9979910850524902, 0.9991071224212646, 0.9997767806053162, 0.9970982074737549, 0.9979910850524902, 0.9988839030265808, 0.9993303418159485, 0.9993303418159485, 0.9997767806053162, 0.9991071224212646, 1.0, 0.9995535612106323, 0.9997767806053162, 0.9997767806053162, 0.9997767806053162, 0.9995535612106323, 0.9995535612106323, 0.9995535612106323, 1.0, 0.9995535612106323, 0.9991071224212646, 0.9993303418159485, 0.9993303418159485, 0.9997767806053162, 0.9993303418159485, 0.9995535612106323, 1.0, 0.9997767806053162, 1.0, 1.0, 0.9995535612106323, 1.0, 0.9997767806053162, 0.9995535612106323, 0.9997767806053162, 1.0, 0.9993303418159485, 0.9995535612106323, 0.9937499761581421, 0.9935267567634583, 0.9973214268684387, 0.9993303418159485, 0.9997767806053162, 0.9991071224212646, 0.9991071224212646, 0.9997767806053162, 1.0, 0.9995535612106323, 0.9997767806053162, 1.0, 1.0, 1.0, 1.0, 1.0, 1.0, 0.9997767806053162, 1.0, 1.0, 1.0, 1.0, 0.9997767806053162, 1.0, 0.9997767806053162, 1.0, 1.0], "val_loss": [1.2575947046279907, 0.9869202971458435, 0.7813100814819336, 0.6887659430503845, 0.6522337198257446, 0.6382112503051758, 0.6111858487129211, 0.6117429733276367, 0.5905415415763855, 0.597235918045044, 0.6004008054733276, 0.6044402718544006, 0.6302760243415833, 0.6403215527534485, 0.6656592488288879, 0.6667923331260681, 0.6913338899612427, 0.7082239985466003, 0.7292540073394775, 0.7772939205169678, 0.7668192982673645, 0.7990818023681641, 0.8299509286880493, 0.8963214159011841, 0.897936224937439, 0.9625508189201355, 0.9632298946380615, 0.9967561960220337, 1.0708556175231934, 1.0639325380325317, 1.1151127815246582, 1.1226619482040405, 1.1550034284591675, 1.153635025024414, 1.2258048057556152, 1.227931022644043, 1.2852809429168701, 1.3074629306793213, 1.3460804224014282, 1.3214489221572876, 1.3113459348678589, 1.3895093202590942, 1.3848813772201538, 1.4312628507614136, 1.4359630346298218, 1.442700743675232, 1.445844054222107, 1.4869211912155151, 1.4917094707489014, 1.5236588716506958, 1.4832652807235718, 1.531774640083313, 1.5174022912979126, 1.5706206560134888, 1.5716180801391602, 1.5831835269927979, 1.561087965965271, 1.5951768159866333, 1.5603833198547363, 1.6044398546218872, 1.6302130222320557, 1.6434330940246582, 1.6493864059448242, 1.6954861879348755, 1.681423544883728, 1.6532591581344604, 1.687630295753479, 1.688930869102478, 1.6378060579299927, 1.6915972232818604, 1.7123597860336304, 1.7099604606628418, 1.774425745010376, 1.6431344747543335, 1.544878363609314, 1.558431625366211, 1.669442892074585, 1.7314701080322266, 1.7396761178970337, 1.7221627235412598, 1.7447394132614136, 1.7867352962493896, 1.7759047746658325, 1.7998907566070557, 1.8202325105667114, 1.8315839767456055, 1.863381028175354, 1.8882827758789062, 1.8962236642837524, 1.9108675718307495, 1.9009233713150024, 1.8894398212432861, 1.9029070138931274, 1.9023445844650269, 1.9244868755340576, 1.8951013088226318, 1.8516401052474976, 1.911104440689087, 1.9043560028076172, 1.9372282028198242], "val_accuracy": [0.5910714268684387, 0.6294642686843872, 0.668749988079071, 0.7044642567634583, 0.7124999761581421, 0.7196428775787354, 0.7250000238418579, 0.7357142567634583, 0.7383928298950195, 0.7419642806053162, 0.7535714507102966, 0.7428571581840515, 0.7535714507102966, 0.7571428418159485, 0.7598214149475098, 0.7562500238418579, 0.7642857432365417, 0.7660714387893677, 0.7589285969734192, 0.7696428298950195, 0.7571428418159485, 0.7562500238418579, 0.7598214149475098, 0.7678571343421936, 0.7598214149475098, 0.7589285969734192, 0.7535714507102966, 0.7616071701049805, 0.7616071701049805, 0.7607142925262451, 0.7535714507102966, 0.7589285969734192, 0.7589285969734192, 0.7607142925262451, 0.7571428418159485, 0.7535714507102966, 0.7598214149475098, 0.7571428418159485, 0.7669642567634583, 0.7571428418159485, 0.7598214149475098, 0.762499988079071, 0.7535714507102966, 0.7589285969734192, 0.7580357193946838, 0.7580357193946838, 0.7580357193946838, 0.7544642686843872, 0.7589285969734192, 0.7678571343421936, 0.7571428418159485, 0.7589285969734192, 0.7616071701049805, 0.7571428418159485, 0.7616071701049805, 0.7669642567634583, 0.762499988079071, 0.7580357193946838, 0.7616071701049805, 0.7589285969734192, 0.7678571343421936, 0.7651785612106323, 0.7633928656578064, 0.762499988079071, 0.7678571343421936, 0.7571428418159485, 0.7633928656578064, 0.7642857432365417, 0.7651785612106323, 0.762499988079071, 0.762499988079071, 0.7651785612106323, 0.7705357074737549, 0.7517856955528259, 0.7598214149475098, 0.7580357193946838, 0.7678571343421936, 0.7598214149475098, 0.7535714507102966, 0.7651785612106323, 0.7651785612106323, 0.7642857432365417, 0.7678571343421936, 0.7607142925262451, 0.7660714387893677, 0.7651785612106323, 0.7616071701049805, 0.7642857432365417, 0.7642857432365417, 0.7589285969734192, 0.7598214149475098, 0.762499988079071, 0.7651785612106323, 0.762499988079071, 0.762499988079071, 0.7696428298950195, 0.7696428298950195, 0.7553571462631226, 0.762499988079071, 0.7598214149475098]}