{"loss": [1.3234920501708984, 1.0900065898895264, 0.8772152662277222, 0.7603239417076111, 0.687066912651062, 0.6345968842506409, 0.5965573787689209, 0.5690150856971741, 0.5426236987113953, 0.515001118183136, 0.49144265055656433, 0.4745161831378937, 0.44782012701034546, 0.4371179938316345, 0.4191124439239502, 0.3967988193035126, 0.38495615124702454, 0.35809651017189026, 0.3352566361427307, 0.33590662479400635, 0.30355826020240784, 0.29129138588905334, 0.2740205228328705, 0.2601099908351898, 0.24810796976089478, 0.22429056465625763, 0.22639398276805878, 0.20876005291938782, 0.1914302408695221, 0.1711774319410324, 0.17019645869731903, 0.1608365774154663, 0.16067719459533691, 0.15891307592391968, 0.14218977093696594, 0.13718712329864502, 0.12475844472646713, 0.10443951934576035, 0.12190274149179459, 0.11620306223630905, 0.09957601875066757, 0.08904409408569336, 0.08725332468748093, 0.07849680632352829, 0.07782628387212753, 0.07681881636381149, 0.06738794595003128, 0.06037125736474991, 0.061660461127758026, 0.05716174840927124, 0.056762319058179855, 0.062459032982587814, 0.05260688439011574, 0.04084465280175209, 0.042698752135038376, 0.03956671059131622, 0.04219689965248108, 0.041650231927633286, 0.03718873858451843, 0.030804164707660675, 0.03133006393909454, 0.025796610862016678, 0.026467526331543922, 0.03005402162671089, 0.03380010277032852, 0.0239260233938694, 0.022544939070940018, 0.028966456651687622, 0.02538348361849785, 0.029160387814044952, 0.028203750029206276, 0.0218968465924263, 0.020029762759804726, 0.020850826054811478, 0.020464902743697166, 0.01580692268908024, 0.016859693452715874, 0.019251400604844093, 0.022747201845049858, 0.022251654416322708, 0.01525581069290638, 0.021033376455307007, 0.01691819541156292, 0.01691296696662903, 0.01989235170185566, 0.013229289092123508, 0.01952219381928444, 0.019483935087919235, 0.01789141073822975, 0.027938123792409897, 0.019057026132941246, 0.018368693068623543, 0.018356220796704292, 0.018261892721056938, 0.013455864042043686, 0.010309392586350441, 0.00883492361754179, 0.01164860837161541, 0.008450859226286411, 0.012141348794102669], "accuracy": [0.35915178060531616, 0.5825892686843872, 0.6705357432365417, 0.7060267925262451, 0.7294642925262451, 0.7517856955528259, 0.7613839507102966, 0.776562511920929, 0.7888392806053162, 0.8046875, 0.8162946701049805, 0.8220981955528259, 0.8352678418159485, 0.8381696343421936, 0.8441964387893677, 0.8555803298950195, 0.8571428656578064, 0.8665178418159485, 0.8758928775787354, 0.8761160969734192, 0.8895089030265808, 0.8946428298950195, 0.9026785492897034, 0.9058035612106323, 0.9116071462631226, 0.9247767925262451, 0.9169642925262451, 0.9276785850524902, 0.9354910850524902, 0.9448660612106323, 0.9435268044471741, 0.9482142925262451, 0.9450892806053162, 0.9441964030265808, 0.9526785612106323, 0.9529017806053162, 0.9598214030265808, 0.9662946462631226, 0.9580357074737549, 0.9607142806053162, 0.9685267806053162, 0.9754464030265808, 0.9732142686843872, 0.9781249761581421, 0.9779017567634583, 0.9761160612106323, 0.9799107313156128, 0.9823660850524902, 0.9821428656578064, 0.9834821224212646, 0.9830357432365417, 0.9799107313156128, 0.9850446581840515, 0.9906250238418579, 0.9899553656578064, 0.9888392686843872, 0.987500011920929, 0.9877232313156128, 0.9899553656578064, 0.9912946224212646, 0.9912946224212646, 0.9937499761581421, 0.9924107193946838, 0.9912946224212646, 0.9895089268684387, 0.9935267567634583, 0.995312511920929, 0.9930803775787354, 0.9910714030265808, 0.9910714030265808, 0.9921875, 0.9950892925262451, 0.9955357313156128, 0.9941964149475098, 0.9946428537368774, 0.9966517686843872, 0.9959821701049805, 0.9948660731315613, 0.9926339387893677, 0.9941964149475098, 0.9957589507102966, 0.9935267567634583, 0.996874988079071, 0.9955357313156128, 0.9948660731315613, 0.9970982074737549, 0.9937499761581421, 0.9962053298950195, 0.995312511920929, 0.9895089268684387, 0.9930803775787354, 0.9950892925262451, 0.9939731955528259, 0.9941964149475098, 0.9964285492897034, 0.9973214268684387, 0.9979910850524902, 0.996874988079071, 0.9984375238418579, 0.9966517686843872], "val_loss": [1.1996351480484009, 0.9187572002410889, 0.7760718464851379, 0.711464524269104, 0.6778635382652283, 0.6429641842842102, 0.6233044266700745, 0.6105006337165833, 0.5835133194923401, 0.5739185810089111, 0.5592162013053894, 0.5363105535507202, 0.525039792060852, 0.5213861465454102, 0.49171939492225647, 0.4862378239631653, 0.4636504054069519, 0.4517914354801178, 0.48461079597473145, 0.43924856185913086, 0.41597992181777954, 0.42117008566856384, 0.41419634222984314, 0.4158104360103607, 0.40162041783332825, 0.4312196373939514, 0.4169122278690338, 0.3863968849182129, 0.3865375816822052, 0.37097182869911194, 0.36786630749702454, 0.3621584177017212, 0.40399110317230225, 0.39449411630630493, 0.3881443440914154, 0.37974798679351807, 0.3770744204521179, 0.38682064414024353, 0.35102033615112305, 0.39547258615493774, 0.3599134385585785, 0.3529539406299591, 0.3721199333667755, 0.4045872688293457, 0.36296766996383667, 0.3641378879547119, 0.3725498616695404, 0.3727770745754242, 0.3903891444206238, 0.41103482246398926, 0.3936615586280823, 0.3747590482234955, 0.38819536566734314, 0.3875725567340851, 0.3874695897102356, 0.3912562429904938, 0.4244610369205475, 0.38363155722618103, 0.3823554515838623, 0.40723752975463867, 0.42878061532974243, 0.4084876775741577, 0.4162537753582001, 0.4316682517528534, 0.4412789046764374, 0.44514408707618713, 0.40895888209342957, 0.4181925356388092, 0.5222991108894348, 0.4467238783836365, 0.4172508716583252, 0.42511656880378723, 0.4989289939403534, 0.4439394474029541, 0.45574140548706055, 0.4861898124217987, 0.4617961347103119, 0.44784536957740784, 0.4855993092060089, 0.47605377435684204, 0.4648321866989136, 0.42039379477500916, 0.4397461414337158, 0.47926002740859985, 0.49410688877105713, 0.4734247624874115, 0.4941457509994507, 0.508879542350769, 0.4836217164993286, 0.47740140557289124, 0.5086414813995361, 0.4634788930416107, 0.48316580057144165, 0.45784682035446167, 0.47731253504753113, 0.4876381456851959, 0.5313155055046082, 0.5031866431236267, 0.5348246097564697, 0.4872969388961792],