{"loss": [1.3558539152145386, 1.178600788116455, 0.9475675225257874, 0.8232241272926331, 0.751060962677002, 0.6948912739753723, 0.6611031889915466, 0.6287317276000977, 0.6095208525657654, 0.5827609896659851, 0.5650113821029663, 0.5506591200828552, 0.5251243710517883, 0.5112596750259399, 0.4958164095878601, 0.4767346978187561, 0.4670029878616333, 0.44680237770080566, 0.43642735481262207, 0.44032204151153564, 0.41289982199668884, 0.4029909074306488, 0.3844274580478668, 0.36579862236976624, 0.3633037507534027, 0.3506344258785248, 0.3410629630088806, 0.3324245512485504, 0.3158622980117798, 0.30205753445625305, 0.28633344173431396, 0.27440688014030457, 0.27308282256126404, 0.2619056701660156, 0.24887442588806152, 0.2450074553489685, 0.2251141518354416, 0.21406884491443634, 0.21562553942203522, 0.20656058192253113, 0.18744097650051117, 0.18631598353385925, 0.17813853919506073, 0.16700789332389832, 0.16294161975383759, 0.15436027944087982, 0.14449773728847504, 0.14081330597400665, 0.1381504088640213, 0.13797354698181152, 0.13607510924339294, 0.12070230394601822, 0.11597529798746109, 0.10191833972930908, 0.09727076441049576, 0.10326698422431946, 0.09730406850576401, 0.08752548694610596, 0.08417106419801712, 0.0805332362651825, 0.08099464327096939, 0.0747046023607254, 0.07046529650688171, 0.07635948807001114, 0.07444024831056595, 0.07674574851989746, 0.05692054331302643, 0.05359131470322609, 0.05139245465397835, 0.059685468673706055, 0.05074339359998703, 0.04885340854525566, 0.04638685658574104, 0.04763955622911453, 0.0458984337747097, 0.05257532373070717, 0.041005585342645645, 0.03741985186934471, 0.03136780858039856, 0.034401822835206985, 0.03560953214764595, 0.03852878883481026, 0.035344090312719345, 0.028873056173324585, 0.02996719814836979, 0.03105291724205017, 0.027479663491249084, 0.022883566096425056, 0.0274478979408741, 0.029249265789985657, 0.023749379441142082, 0.01972251944243908, 0.024222953245043755, 0.020541204139590263, 0.019384315237402916, 0.02221974916756153, 0.02224229834973812, 0.01752396672964096, 0.01719103567302227, 0.016477515920996666], "accuracy": [0.3801339268684387, 0.5459821224212646, 0.6426339149475098, 0.6910714507102966, 0.7098214030265808, 0.7334821224212646, 0.7381696701049805, 0.753125011920929, 0.7566964030265808, 0.7700892686843872, 0.7819196581840515, 0.7935267686843872, 0.796875, 0.8037946224212646, 0.8138392567634583, 0.8216517567634583, 0.8252232074737549, 0.8332589268684387, 0.8339285850524902, 0.8325892686843872, 0.8446428775787354, 0.8504464030265808, 0.8526785969734192, 0.8631696701049805, 0.8595982193946838, 0.8705357313156128, 0.8700892925262451, 0.8814732432365417, 0.8839285969734192, 0.887499988079071, 0.8977678418159485, 0.9020089507102966, 0.9066964387893677, 0.9107142686843872, 0.9104910492897034, 0.9149553775787354, 0.925000011920929, 0.9287946224212646, 0.9261160492897034, 0.9267857074737549, 0.9379464387893677, 0.9363839030265808, 0.9395089149475098, 0.9417410492897034, 0.9446428418159485, 0.9515625238418579, 0.9491071701049805, 0.9540178775787354, 0.9544642567634583, 0.9526785612106323, 0.9520089030265808, 0.9638392925262451, 0.9620535969734192, 0.9678571224212646, 0.9736607074737549, 0.9654017686843872, 0.9689732193946838, 0.9741071462631226, 0.9756696224212646, 0.9747768044471741, 0.9761160612106323, 0.9774553775787354, 0.9790178537368774, 0.9754464030265808, 0.9763392806053162, 0.9756696224212646, 0.9832589030265808, 0.9834821224212646, 0.9857142567634583, 0.9819196462631226, 0.9868303537368774, 0.9870535731315613, 0.9850446581840515, 0.9866071343421936, 0.9850446581840515, 0.9848214387893677, 0.9881696701049805, 0.9892857074737549, 0.9921875, 0.9904018044471741, 0.9899553656578064, 0.9888392686843872, 0.9906250238418579, 0.9919642806053162, 0.9933035969734192, 0.9910714030265808, 0.9937499761581421, 0.9946428537368774, 0.9926339387893677, 0.9919642806053162, 0.9941964149475098, 0.9955357313156128, 0.9944196343421936, 0.9941964149475098, 0.9946428537368774, 0.9948660731315613, 0.9939731955528259, 0.9955357313156128, 0.9959821701049805, 0.9959821701049805], "val_loss": [1.2811769247055054, 1.0248823165893555, 0.8426536321640015, 0.7671321034431458, 0.7282441258430481, 0.6942947506904602, 0.6741930246353149, 0.6749228835105896, 0.6330064535140991, 0.6257244944572449, 0.6023377776145935, 0.5963506698608398, 0.5869073867797852, 0.5634320974349976, 0.5571689605712891, 0.5514459609985352, 0.5305814146995544, 0.5263234376907349, 0.5639609694480896, 0.5130307078361511, 0.5068950057029724, 0.495399534702301, 0.4766136109828949, 0.48546579480171204, 0.4669390022754669, 0.4682518541812897, 0.5044089555740356, 0.44537147879600525, 0.44464167952537537, 0.41815802454948425, 0.42026570439338684, 0.4051711857318878, 0.40073180198669434, 0.3962218761444092, 0.40540215373039246, 0.38655737042427063, 0.3960145115852356, 0.4058825373649597, 0.3895549774169922, 0.3645172119140625, 0.3675351142883301, 0.37208208441734314, 0.36622923612594604, 0.3910592794418335, 0.3565049469470978, 0.373565673828125, 0.3638398349285126, 0.3738895058631897, 0.38078582286834717, 0.4744061529636383, 0.4013507068157196, 0.36140772700309753, 0.3791705071926117, 0.34996381402015686, 0.36896124482154846, 0.34488368034362793, 0.384335994720459, 0.3845353126525879, 0.36104270815849304, 0.4184536337852478, 0.3591102063655853, 0.36334842443466187, 0.37684720754623413, 0.37174493074417114, 0.41400599479675293, 0.38329893350601196, 0.3922208547592163, 0.3794868588447571, 0.41021260619163513, 0.39021822810173035, 0.42398038506507874, 0.4292132258415222, 0.4721643030643463, 0.4089778959751129, 0.42064252495765686, 0.37116700410842896, 0.3945049047470093, 0.392873615026474, 0.4002007246017456, 0.4462050795555115, 0.3947102129459381, 0.38896259665489197, 0.40599799156188965, 0.4316977262496948, 0.4215618073940277, 0.48354050517082214, 0.41312578320503235, 0.4580417573451996, 0.42931750416755676, 0.4582681953907013, 0.44808050990104675, 0.42474284768104553, 0.45287561416625977, 0.44455206394195557, 0.48366883397102356, 0.46608680486679077, 0.45097029209136963, 0.4884858727455139, 0.4858485162258148, 0.47681236267089844],