{"loss": [1.3456138372421265, 1.2016710042953491, 1.0293790102005005, 0.912868320941925, 0.8462590575218201, 0.8029998540878296, 0.7753450274467468, 0.7502413988113403, 0.7320993542671204, 0.7145166397094727, 0.7023057341575623, 0.6818029284477234, 0.6709118485450745, 0.6556604504585266, 0.6500905156135559, 0.6369378566741943, 0.6320958137512207, 0.6176765561103821, 0.6176462173461914, 0.6134656071662903, 0.5972060561180115, 0.6021336317062378, 0.5840882062911987, 0.5854842066764832, 0.5851812362670898, 0.5754951238632202, 0.5761934518814087, 0.567987322807312, 0.5453630089759827, 0.5513249635696411, 0.544518768787384, 0.524665117263794, 0.5298568606376648, 0.5296796560287476, 0.53464275598526, 0.5203240513801575, 0.5103126168251038, 0.5001893639564514, 0.5101293921470642, 0.4991409182548523, 0.48741182684898376, 0.49109360575675964, 0.4783879816532135, 0.4787120223045349, 0.4777757227420807, 0.46931222081184387, 0.4734284579753876, 0.4586407244205475, 0.45006656646728516, 0.4589921534061432, 0.4543546736240387, 0.4466399848461151, 0.44818562269210815, 0.44865474104881287, 0.44650283455848694, 0.44068098068237305, 0.43578585982322693, 0.4292083978652954, 0.41934698820114136, 0.4301133155822754, 0.4224797487258911, 0.41103819012641907, 0.41063982248306274, 0.4081950783729553, 0.4131166934967041, 0.4108520448207855, 0.4120381772518158, 0.40632718801498413, 0.3990434408187866, 0.39212942123413086, 0.3889661729335785, 0.3970676064491272, 0.3883228003978729, 0.37687554955482483, 0.3779110610485077, 0.38606196641921997, 0.37765148282051086, 0.37067440152168274, 0.3670201003551483, 0.37883540987968445, 0.3692326843738556, 0.3702569007873535, 0.3593648076057434, 0.36746084690093994, 0.3507501780986786, 0.347904771566391, 0.3415932357311249, 0.3490394353866577, 0.34901729226112366, 0.3429519236087799, 0.34281226992607117, 0.33426955342292786, 0.34175050258636475, 0.32726895809173584, 0.3253277540206909, 0.3341640830039978, 0.31799373030662537, 0.32278844714164734, 0.331422358751297, 0.3158516585826874], "accuracy": [0.32008928060531616, 0.4973214268684387, 0.5995535850524902, 0.6477678418159485, 0.6729910969734192, 0.6904017925262451, 0.6966517567634583, 0.7089285850524902, 0.7138392925262451, 0.7183035612106323, 0.7243303656578064, 0.7345982193946838, 0.7370535731315613, 0.746874988079071, 0.7457589507102966, 0.7558035850524902, 0.7491071224212646, 0.7595981955528259, 0.7560268044471741, 0.7602678537368774, 0.7669642567634583, 0.7602678537368774, 0.7689732313156128, 0.7654017806053162, 0.7691964507102966, 0.7694196701049805, 0.7743303775787354, 0.7772321701049805, 0.7879464030265808, 0.7868303656578064, 0.7904017567634583, 0.7941964268684387, 0.7939732074737549, 0.793749988079071, 0.7883928418159485, 0.7955357432365417, 0.8040178418159485, 0.8087053298950195, 0.8002232313156128, 0.8075892925262451, 0.8073660731315613, 0.8073660731315613, 0.8145089149475098, 0.8165178298950195, 0.8138392567634583, 0.8196428418159485, 0.8142856955528259, 0.824999988079071, 0.824999988079071, 0.8196428418159485, 0.8229910731315613, 0.8274553418159485, 0.8292410969734192, 0.8261160850524902, 0.8274553418159485, 0.8321428298950195, 0.8332589268684387, 0.8368303775787354, 0.8348214030265808, 0.8381696343421936, 0.8345982432365417, 0.8428571224212646, 0.8381696343421936, 0.8424107432365417, 0.8383928537368774, 0.8424107432365417, 0.8450892567634583, 0.839062511920929, 0.8455356955528259, 0.8430803418159485, 0.8464285731315613, 0.8506696224212646, 0.8488839268684387, 0.8542410731315613, 0.8553571701049805, 0.8502232432365417, 0.8511160612106323, 0.8589285612106323, 0.8589285612106323, 0.8564732074737549, 0.8522321581840515, 0.8526785969734192, 0.8618303537368774, 0.8580357432365417, 0.8667410612106323, 0.8698660731315613, 0.8651785850524902, 0.8676339387893677, 0.8654018044471741, 0.8676339387893677, 0.8712053298950195, 0.8743303418159485, 0.8685267567634583, 0.8723214268684387, 0.8752232193946838, 0.8747767806053162, 0.8756696581840515, 0.878125011920929, 0.8723214268684387, 0.878125011920929], "val_loss": [1.270310401916504, 1.0783236026763916, 0.9135878682136536, 0.8354553580284119, 0.8037412762641907, 0.789848268032074, 0.7631331086158752, 0.787642240524292, 0.7253577709197998, 0.721154510974884, 0.693433940410614, 0.6893358826637268, 0.6829832196235657, 0.6599588394165039, 0.6480178236961365, 0.6456259489059448, 0.6262511014938354, 0.6268556714057922, 0.6288717985153198, 0.6043084263801575, 0.6112883687019348, 0.6104691624641418, 0.5949519276618958, 0.6080895662307739, 0.5725364089012146, 0.5859492421150208, 0.5703434348106384, 0.5629342794418335, 0.5563951134681702, 0.5427127480506897, 0.5444732308387756, 0.5430446267127991, 0.5362405776977539, 0.5304361581802368, 0.529983401298523, 0.521926999092102, 0.5183753371238708, 0.5211567282676697, 0.5313875079154968, 0.5149844288825989, 0.5073003172874451, 0.5019437074661255, 0.49132025241851807, 0.5012043714523315, 0.4884708821773529, 0.49786457419395447, 0.48492321372032166, 0.48680371046066284, 0.47393497824668884, 0.48552218079566956, 0.47997337579727173, 0.4670577049255371, 0.4756006598472595, 0.49011552333831787, 0.4723879098892212, 0.4572303295135498, 0.4696061909198761, 0.45300185680389404, 0.45972588658332825, 0.4449170231819153, 0.4527152180671692, 0.4449705481529236, 0.4394802153110504, 0.44378095865249634, 0.44104018807411194, 0.44039416313171387, 0.42754560708999634, 0.4267567992210388, 0.4271409809589386, 0.41973593831062317, 0.4245505630970001, 0.4206850230693817, 0.4293031096458435, 0.40572473406791687, 0.41693300008773804, 0.4113950729370117, 0.4039641320705414, 0.40323692560195923, 0.4056914746761322, 0.41472113132476807, 0.39714720845222473, 0.38092896342277527, 0.3920406997203827, 0.4050372838973999, 0.38171687722206116, 0.3788987994194031, 0.37744593620300293, 0.3721831738948822, 0.38772061467170715, 0.3886604905128479, 0.40086597204208374, 0.37742915749549866, 0.3828304409980774, 0.37692373991012573, 0.37360879778862, 0.36588966846466064, 0.35557714104652405, 0.35615503787994385, 0.3621925413608551, 0.3517335057258606],