{"loss": [1.336535096168518, 1.1742565631866455, 0.970912516117096, 0.8145445585250854, 0.7232120633125305, 0.6609761118888855, 0.6028866171836853, 0.5604248046875, 0.5235902070999146, 0.48129239678382874, 0.44448554515838623, 0.4249882102012634, 0.38301900029182434, 0.350087970495224, 0.3200018107891083, 0.29171323776245117, 0.2716635465621948, 0.24197548627853394, 0.222234308719635, 0.20988808572292328, 0.18046146631240845, 0.1672583669424057, 0.14745520055294037, 0.13653206825256348, 0.12505947053432465, 0.11720176786184311, 0.0951247587800026], "accuracy": [0.37187498807907104, 0.4609375, 0.6470982432365417, 0.6803571581840515, 0.7209821343421936, 0.745312511920929, 0.7727678418159485, 0.7901785969734192, 0.8042410612106323, 0.8232142925262451, 0.8395089507102966, 0.8470982313156128, 0.8645089268684387, 0.8723214268684387, 0.893750011920929, 0.9024553298950195, 0.9084821343421936, 0.9227678775787354, 0.9296875, 0.9345982074737549, 0.9464285969734192, 0.9486607313156128, 0.9542410969734192, 0.9611607193946838, 0.9667410850524902, 0.9674107432365417, 0.9732142686843872], "val_loss": [1.242336630821228, 1.0629591941833496, 0.8574648499488831, 0.774225652217865, 0.7224597334861755, 0.6802727580070496, 0.6611223816871643, 0.6395529508590698, 0.6177096962928772, 0.6119686961174011, 0.5941970348358154, 0.5952416062355042, 0.5907869935035706, 0.58794766664505, 0.5788600444793701, 0.5738553404808044, 0.5709133148193359, 0.5813105702400208, 0.5948386192321777, 0.5885271430015564, 0.585772693157196, 0.5944086909294128, 0.6237229704856873, 0.6112660765647888, 0.6688875555992126, 0.6474297642707825, 0.6513546109199524], "val_accuracy": [0.3767857253551483, 0.5687500238418579, 0.6598214507102966, 0.7044642567634583, 0.7035714387893677, 0.7241071462631226, 0.7410714030265808, 0.7482143044471741, 0.7535714507102966, 0.7589285969734192, 0.7696428298950195, 0.7830356955528259, 0.7732142806053162, 0.7857142686843872, 0.7919642925262451, 0.7964285612106323, 0.8008928298950195, 0.7982142567634583, 0.7883928418159485, 0.7955357432365417, 0.7991071343421936, 0.8044642806053162, 0.8008928298950195, 0.8026785850524902, 0.7946428656578064, 0.8008928298950195, 0.8107143044471741]}