{"loss": [1.3552340269088745, 1.2022099494934082, 1.0053880214691162, 0.8603292107582092, 0.7747380137443542, 0.7174535989761353, 0.6746504902839661, 0.647834300994873, 0.6189203262329102, 0.5948991179466248, 0.5726688504219055, 0.5584670901298523, 0.5357511639595032, 0.5170055627822876, 0.5010820627212524, 0.48196905851364136, 0.4710763692855835, 0.4455885887145996, 0.4408855140209198, 0.43520697951316833, 0.4076955020427704, 0.40595126152038574, 0.38122573494911194, 0.36831581592559814, 0.36117568612098694, 0.35075125098228455, 0.3440878093242645, 0.32987678050994873, 0.31302720308303833, 0.29838401079177856, 0.277412474155426, 0.27114835381507874, 0.2691902220249176, 0.2508601248264313, 0.23569057881832123, 0.23505543172359467, 0.2289578914642334, 0.2182706743478775, 0.2157122939825058, 0.19291135668754578, 0.1830994337797165, 0.17435050010681152, 0.17451944947242737, 0.1662314236164093, 0.15434445440769196, 0.15734930336475372, 0.1336362063884735, 0.1350468248128891, 0.1304503232240677, 0.13129392266273499, 0.12936198711395264, 0.12020076811313629, 0.10986495018005371, 0.09565175324678421, 0.09881182014942169, 0.09699255973100662, 0.09057445824146271, 0.09686219692230225, 0.08122647553682327, 0.07753723114728928, 0.07539044320583344, 0.0728735402226448, 0.06790896505117416, 0.07458231598138809, 0.05994943156838417, 0.06739159673452377, 0.05861881747841835, 0.06126625835895538, 0.05300254374742508, 0.04825794696807861, 0.04607075825333595, 0.0503762885928154, 0.04982701316475868, 0.04858667403459549, 0.04703347012400627, 0.046149853616952896, 0.035449638962745667, 0.03937176614999771, 0.05036737769842148, 0.04012923687696457, 0.040534816682338715, 0.035936690866947174, 0.030761726200580597, 0.028127245604991913, 0.02517997846007347, 0.02503686398267746, 0.018606718629598618, 0.023058202117681503, 0.024443862959742546, 0.03212808072566986, 0.017900707200169563, 0.02086634375154972, 0.019156044349074364, 0.01999487169086933, 0.024563366547226906, 0.02180430479347706, 0.01881272904574871, 0.017383545637130737, 0.017578115686774254, 0.0163522120565176], "accuracy": [0.3850446343421936, 0.5263392925262451, 0.6133928298950195, 0.6631696224212646, 0.6993303298950195, 0.7252232432365417, 0.7337053418159485, 0.7446428537368774, 0.7553571462631226, 0.7676339149475098, 0.7745535969734192, 0.7830356955528259, 0.792187511920929, 0.8031250238418579, 0.8091517686843872, 0.8165178298950195, 0.8220981955528259, 0.8332589268684387, 0.8372767567634583, 0.8339285850524902, 0.8479910492897034, 0.8473214507102966, 0.8611606955528259, 0.8602678775787354, 0.8649553656578064, 0.8720982074737549, 0.8761160969734192, 0.8794642686843872, 0.8812500238418579, 0.8901785612106323, 0.9089285731315613, 0.9022321701049805, 0.9078124761581421, 0.9122768044471741, 0.9203125238418579, 0.9198660850524902, 0.9156249761581421, 0.9272321462631226, 0.9281250238418579, 0.9323660731315613, 0.9383928775787354, 0.9404017925262451, 0.9404017925262451, 0.9433035850524902, 0.9479910731315613, 0.9475446343421936, 0.957812488079071, 0.9582589268684387, 0.957812488079071, 0.9584821462631226, 0.9598214030265808, 0.9602678418159485, 0.964062511920929, 0.9703124761581421, 0.9700892567634583, 0.9714285731315613, 0.9729910492897034, 0.9694196581840515, 0.9738839268684387, 0.9752232432365417, 0.9799107313156128, 0.9790178537368774, 0.9794642925262451, 0.9787946343421936, 0.9821428656578064, 0.9785714149475098, 0.9828125238418579, 0.9792410731315613, 0.9841517806053162, 0.9877232313156128, 0.9888392686843872, 0.9850446581840515, 0.9837053418159485, 0.9857142567634583, 0.9868303537368774, 0.9872767925262451, 0.9910714030265808, 0.9895089268684387, 0.9837053418159485, 0.9895089268684387, 0.9870535731315613, 0.989062488079071, 0.9926339387893677, 0.9921875, 0.9933035969734192, 0.9939731955528259, 0.9959821701049805, 0.9941964149475098, 0.9946428537368774, 0.9886160492897034, 0.9964285492897034, 0.9946428537368774, 0.9950892925262451, 0.9944196343421936, 0.9917410612106323, 0.9950892925262451, 0.995312511920929, 0.9964285492897034, 0.9955357313156128, 0.995312511920929], "val_loss": [1.282048225402832, 1.0815715789794922, 0.8860057592391968, 0.7913374304771423, 0.7415346503257751, 0.7098703980445862, 0.6832475662231445, 0.6752349138259888, 0.645617663860321, 0.6316540241241455, 0.6084783673286438, 0.6023665070533752, 0.598377525806427, 0.569825291633606, 0.5544112324714661, 0.5477062463760376, 0.5242456793785095, 0.516655683517456, 0.5436984896659851, 0.5172274112701416, 0.49504294991493225, 0.4947112500667572, 0.46982237696647644, 0.4971775710582733, 0.45596766471862793, 0.47107425332069397, 0.48100459575653076, 0.42842504382133484, 0.43430328369140625, 0.41330376267433167, 0.4077032804489136, 0.4018755853176117, 0.39416223764419556, 0.3903302848339081, 0.4060899019241333, 0.38143250346183777, 0.40832778811454773, 0.398062139749527, 0.3968364894390106, 0.3662024438381195, 0.3589366674423218, 0.35983389616012573, 0.36109715700149536, 0.36825940012931824, 0.3581598401069641, 0.35880085825920105, 0.34231850504875183, 0.3675789535045624, 0.36751478910446167, 0.4121415913105011, 0.3603833317756653, 0.3528069257736206, 0.3644522428512573, 0.34946224093437195, 0.35204169154167175, 0.33318257331848145, 0.4017045497894287, 0.34439751505851746, 0.34570959210395813, 0.3461025655269623, 0.36753371357917786, 0.3480260968208313, 0.35389819741249084, 0.368206650018692, 0.3915603458881378, 0.3970988094806671, 0.3543326258659363, 0.353469580411911, 0.3753618896007538, 0.36348631978034973, 0.3782501816749573, 0.3937818706035614, 0.46166011691093445, 0.37589219212532043, 0.3911849856376648, 0.35302916169166565, 0.3624545633792877, 0.38709011673927307, 0.382223904132843, 0.3957705497741699, 0.38465219736099243, 0.3829261362552643, 0.37036383152008057, 0.371036171913147, 0.3731471002101898, 0.40539127588272095, 0.40810859203338623, 0.43179431557655334, 0.4387361705303192, 0.42710956931114197, 0.3948928415775299, 0.40631598234176636, 0.4103269577026367, 0.4071016013622284, 0.4124636650085449, 0.41211557388305664, 0.39591386914253235, 0.4157767593860626, 0.44522181153297424, 0.41674476861953735],