{"loss": [1.3853048086166382, 1.378627061843872, 1.3493289947509766, 1.2546097040176392, 1.1331111192703247, 1.032899022102356, 0.9503191113471985, 0.9046890139579773, 0.8777415752410889, 0.8591877222061157, 0.8287909626960754, 0.8198350071907043, 0.7968263626098633, 0.7827271223068237, 0.7831525802612305, 0.7750623822212219, 0.762273907661438, 0.753443717956543, 0.7421684265136719, 0.7285223603248596, 0.7116780281066895, 0.7106421589851379, 0.7232214212417603, 0.6990265250205994, 0.6980341076850891, 0.6790118217468262, 0.6724246740341187, 0.6852403879165649, 0.6695500612258911, 0.6622135043144226, 0.6453123092651367, 0.6548413634300232, 0.664649486541748, 0.6685761213302612, 0.6358348727226257, 0.6464985609054565, 0.6340563893318176, 0.6078100204467773, 0.620101273059845, 0.6108293533325195, 0.6146852970123291, 0.6158291101455688, 0.601977527141571, 0.6039037704467773, 0.6092082262039185, 0.5818610787391663, 0.5752418041229248, 0.5684030652046204, 0.5757923722267151, 0.5654351115226746, 0.5725315809249878, 0.5697419047355652, 0.5572109818458557, 0.5567312240600586, 0.5674047470092773, 0.5624726414680481, 0.5715982913970947, 0.5540130138397217, 0.5589608550071716, 0.5560807585716248, 0.5380748510360718, 0.5367773771286011, 0.5355362296104431, 0.5508816838264465, 0.5356585383415222, 0.5312838554382324, 0.5304271578788757, 0.531819760799408, 0.5216407179832458, 0.5127207636833191, 0.5358684659004211, 0.5273140072822571, 0.523563802242279, 0.5095248222351074, 0.504296600818634, 0.5065421462059021, 0.48456159234046936, 0.4920107126235962, 0.4936157763004303, 0.49182432889938354, 0.5140032172203064, 0.4841006100177765, 0.4715218245983124, 0.46884405612945557, 0.47403526306152344, 0.4686988890171051, 0.46487531065940857, 0.4626784324645996, 0.48622360825538635, 0.4710196256637573, 0.48274949193000793, 0.4650072455406189, 0.4918128550052643, 0.4613634943962097, 0.45738673210144043, 0.45432794094085693, 0.46343913674354553, 0.4800829291343689, 0.4737262725830078, 0.48840442299842834], "accuracy": [0.25312501192092896, 0.2872767746448517, 0.4022321403026581, 0.4709821343421936, 0.5419642925262451, 0.5941964387893677, 0.6401785612106323, 0.645312488079071, 0.6647321581840515, 0.6649553775787354, 0.6796875, 0.6837053298950195, 0.6901785731315613, 0.6912946701049805, 0.7002232074737549, 0.6966517567634583, 0.698437511920929, 0.7026785612106323, 0.7071428298950195, 0.7171875238418579, 0.7194196581840515, 0.7200892567634583, 0.7087053656578064, 0.7185267806053162, 0.7321428656578064, 0.7305803298950195, 0.7290178537368774, 0.7325893044471741, 0.737500011920929, 0.7316964268684387, 0.7439731955528259, 0.7381696701049805, 0.7341517806053162, 0.7381696701049805, 0.7459821701049805, 0.7370535731315613, 0.7424107193946838, 0.7558035850524902, 0.7582589387893677, 0.7629464268684387, 0.7524553537368774, 0.7582589387893677, 0.7578125, 0.7645089030265808, 0.7571428418159485, 0.7685267925262451, 0.7763392925262451, 0.7796875238418579, 0.7691964507102966, 0.7830356955528259, 0.7783482074737549, 0.7723214030265808, 0.7839285731315613, 0.7732142806053162, 0.7783482074737549, 0.7774553298950195, 0.7700892686843872, 0.7803571224212646, 0.7850446701049805, 0.7845982313156128, 0.7926339507102966, 0.7919642925262451, 0.7901785969734192, 0.7839285731315613, 0.7892857193946838, 0.7906249761581421, 0.7973214387893677, 0.7854910492897034, 0.7941964268684387, 0.8026785850524902, 0.7888392806053162, 0.7924107313156128, 0.7930803298950195, 0.7982142567634583, 0.7982142567634583, 0.8002232313156128, 0.8169642686843872, 0.8069196343421936, 0.8020089268684387, 0.8029018044471741, 0.7955357432365417, 0.8098214268684387, 0.8165178298950195, 0.8165178298950195, 0.8207589387893677, 0.8111607432365417, 0.8191964030265808, 0.8151785731315613, 0.8069196343421936, 0.8118303418159485, 0.8127232193946838, 0.8207589387893677, 0.8058035969734192, 0.8216517567634583, 0.8200892806053162, 0.8263393044471741, 0.8227678537368774, 0.8075892925262451, 0.8136160969734192, 0.8069196343421936], "val_loss": [1.3824375867843628, 1.3686280250549316, 1.3015962839126587, 1.1604201793670654, 1.048293113708496, 0.9685097932815552, 0.8910099864006042, 0.8744661211967468, 0.8341593146324158, 0.8666372299194336, 0.8106958270072937, 0.7968320846557617, 0.7847990393638611, 0.7884041666984558, 0.7768232226371765, 0.8125113248825073, 0.7450135350227356, 0.7524873614311218, 0.7468520402908325, 0.7525271773338318, 0.7174383997917175, 0.7347934246063232, 0.7182080745697021, 0.7353230118751526, 0.693138062953949, 0.6907370686531067, 0.6955377459526062, 0.6783697605133057, 0.7081677317619324, 0.6757548451423645, 0.6734274625778198, 0.6606715321540833, 0.6664459109306335, 0.6757267117500305, 0.6525865197181702, 0.7260809540748596, 0.6509432196617126, 0.6418640613555908, 0.6665879487991333, 0.652761697769165, 0.6583633422851562, 0.6554293036460876, 0.6346800327301025, 0.695326566696167, 0.6353406310081482, 0.6260409355163574, 0.6195411086082458, 0.6105602383613586, 0.6134201288223267, 0.618255078792572, 0.6323893666267395, 0.6338156461715698, 0.6103299856185913, 0.6221250295639038, 0.615327775478363, 0.6636133193969727, 0.6543819904327393, 0.625371515750885, 0.5948728322982788, 0.5963058471679688, 0.6064063906669617, 0.6057755351066589, 0.6275973320007324, 0.5909543633460999, 0.5879125595092773, 0.5764345526695251, 0.6367477774620056, 0.5699712634086609, 0.5668344497680664, 0.5863510966300964, 0.568606972694397, 0.6193636059761047, 0.6355624794960022, 0.5710180997848511, 0.5724092125892639, 0.553576648235321, 0.5596966743469238, 0.5529661178588867, 0.567175567150116, 0.6517940163612366, 0.5793511271476746, 0.5574230551719666, 0.5554329752922058, 0.5461003184318542, 0.5359869599342346, 0.531581461429596, 0.5359140634536743, 0.5601252913475037, 0.5573238730430603, 0.5439825057983398, 0.5605099201202393, 0.5349164605140686, 0.5477983355522156, 0.524071455001831, 0.5224989652633667, 0.5403299331665039, 0.5615060329437256, 0.5707666873931885, 0.5081563591957092, 0.5618407130241394], "val_accuracy": [0.24821428954601288, 0.3035714328289032, 0.5919643044471741, 0.6098214387893677, 0.6258928775787354, 0.6330357193946838, 0.6767857074737549, 0.6625000238418579, 0.6705357432365417, 0.6294642686843872, 0.6803571581840515, 0.6839285492897034, 0.6758928298950195, 0.6892856955528259, 0.6883928775787354, 0.6866071224212646, 0.6955357193946838, 0.6937500238418579, 0.6830357313156128, 0.6848214268684387, 0.7071428298950195, 0.6982142925262451, 0.7071428298950195, 0.6964285969734192, 0.71875, 0.731249988079071, 0.7107142806053162, 0.7294642925262451, 0.7205356955528259, 0.7303571701049805, 0.7285714149475098, 0.7357142567634583, 0.737500011920929, 0.7303571701049805, 0.7428571581840515, 0.699999988079071, 0.7544642686843872, 0.737500011920929, 0.7339285612106323, 0.7446428537368774, 0.737500011920929, 0.7357142567634583, 0.7571428418159485, 0.7276785969734192, 0.7446428537368774, 0.7482143044471741, 0.7508928775787354, 0.7526785731315613, 0.7589285969734192, 0.7455357313156128, 0.7437499761581421, 0.7446428537368774, 0.7491071224212646, 0.7517856955528259, 0.7633928656578064, 0.7321428656578064, 0.7258928418159485, 0.7419642806053162, 0.7642857432365417, 0.7678571343421936, 0.762499988079071, 0.7517856955528259, 0.737500011920929, 0.7678571343421936, 0.7732142806053162, 0.7732142806053162, 0.7491071224212646, 0.768750011920929, 0.7723214030265808, 0.768750011920929, 0.7785714268684387, 0.7491071224212646, 0.7428571581840515, 0.7758928537368774, 0.7723214030265808, 0.7830356955528259, 0.7839285731315613, 0.7821428775787354, 0.7758928537368774, 0.7383928298950195, 0.7794643044471741, 0.7875000238418579, 0.7741071581840515, 0.7919642925262451, 0.78125, 0.7892857193946838, 0.7964285612106323, 0.7866071462631226, 0.78125, 0.7857142686843872, 0.7669642567634583, 0.7866071462631226, 0.7892857193946838, 0.8017857074737549, 0.7919642925262451, 0.7928571701049805, 0.7794643044471741, 0.7776785492897034, 0.7973214387893677, 0.7848214507102966]}