{"loss": [1.336535096168518, 1.1742565631866455, 0.970912516117096, 0.8145445585250854, 0.7232120633125305, 0.6609761118888855, 0.6028866171836853, 0.5604248046875, 0.5235902070999146, 0.48129239678382874, 0.44448554515838623, 0.42498818039894104, 0.38301897048950195, 0.3500879108905792, 0.32000184059143066, 0.29171323776245117, 0.2716635763645172, 0.24197548627853394, 0.2222343236207962, 0.20988808572292328, 0.18046146631240845, 0.1672583520412445, 0.14745520055294037, 0.13653206825256348, 0.12505947053432465, 0.11720176786184311, 0.0951247587800026, 0.09000551700592041, 0.07598596811294556, 0.0738031417131424, 0.06517740339040756, 0.06050111725926399, 0.05878593400120735, 0.05063413828611374, 0.0481606125831604, 0.04445371404290199, 0.035009387880563736, 0.03314647078514099, 0.03484966605901718, 0.03824233636260033, 0.029142621904611588, 0.027390705421566963, 0.024125220254063606, 0.021313808858394623, 0.020969009026885033, 0.019200438633561134, 0.01849726028740406, 0.024397175759077072, 0.01795162446796894, 0.01727808639407158, 0.017239578068256378, 0.0143855856731534, 0.012864479795098305, 0.013496076688170433, 0.01231999509036541, 0.01259150542318821, 0.009462784044444561, 0.009278755635023117, 0.009662482887506485, 0.01113880891352892, 0.010166010819375515, 0.008999678306281567, 0.009612766094505787, 0.012506232596933842, 0.009503974579274654, 0.009522893466055393, 0.008134138770401478, 0.007570299785584211, 0.005467990878969431, 0.005902312695980072, 0.006657195743173361, 0.005838694516569376, 0.00523002352565527, 0.005536169745028019, 0.0059987688437104225, 0.005458306986838579, 0.011926905252039433, 0.007702810224145651, 0.006879722699522972, 0.006032065022736788, 0.006301579065620899, 0.005515675060451031, 0.008672831580042839, 0.004449174273759127, 0.005601029843091965, 0.005198163446038961, 0.007385806646198034, 0.006136697251349688, 0.004433560185134411, 0.006199486553668976, 0.005999996792525053, 0.0031094567384570837, 0.00610596127808094, 0.0065948739647865295, 0.004854897502809763, 0.0034371204674243927, 0.0026323492638766766, 0.004065375309437513, 0.00446732621639967, 0.0041631185449659824], "accuracy": [0.37187498807907104, 0.4609375, 0.6470982432365417, 0.6803571581840515, 0.7209821343421936, 0.745312511920929, 0.7727678418159485, 0.7901785969734192, 0.8042410612106323, 0.8232142925262451, 0.8395089507102966, 0.8470982313156128, 0.8645089268684387, 0.8723214268684387, 0.893750011920929, 0.9024553298950195, 0.9084821343421936, 0.9227678775787354, 0.9296875, 0.9345982074737549, 0.9464285969734192, 0.9486607313156128, 0.9542410969734192, 0.9611607193946838, 0.9667410850524902, 0.9674107432365417, 0.9732142686843872, 0.9765625, 0.9825893044471741, 0.9834821224212646, 0.9852678775787354, 0.9857142567634583, 0.9857142567634583, 0.9879464507102966, 0.9883928298950195, 0.9906250238418579, 0.9921875, 0.9933035969734192, 0.9919642806053162, 0.9917410612106323, 0.9950892925262451, 0.9950892925262451, 0.9937499761581421, 0.9950892925262451, 0.9957589507102966, 0.9966517686843872, 0.9959821701049805, 0.9948660731315613, 0.995312511920929, 0.9966517686843872, 0.9955357313156128, 0.9975446462631226, 0.9973214268684387, 0.9973214268684387, 0.996874988079071, 0.9966517686843872, 0.9984375238418579, 0.9982143044471741, 0.9982143044471741, 0.9975446462631226, 0.9979910850524902, 0.9975446462631226, 0.9979910850524902, 0.9977678656578064, 0.9979910850524902, 0.9984375238418579, 0.9982143044471741, 0.9979910850524902, 0.9988839030265808, 0.9984375238418579, 0.9975446462631226, 0.9991071224212646, 0.9991071224212646, 0.9991071224212646, 0.9984375238418579, 0.9986607432365417, 0.9962053298950195, 0.9986607432365417, 0.9984375238418579, 0.9984375238418579, 0.9984375238418579, 0.9986607432365417, 0.9975446462631226, 0.9995535612106323, 0.9982143044471741, 0.9991071224212646, 0.9979910850524902, 0.9977678656578064, 0.9993303418159485, 0.9984375238418579, 0.9979910850524902, 0.9993303418159485, 0.9986607432365417, 0.9982143044471741, 0.9993303418159485, 0.9993303418159485, 0.9995535612106323, 0.9995535612106323, 0.9991071224212646, 0.9986607432365417], "val_loss": [1.2423367500305176, 1.0629591941833496, 0.8574648499488831, 0.774225652217865, 0.722459614276886, 0.6802727580070496, 0.6611223816871643, 0.6395530104637146, 0.6177096962928772, 0.6119686961174011, 0.5941970348358154, 0.5952416658401489, 0.5907869935035706, 0.58794766664505, 0.5788600444793701, 0.5738553404808044, 0.5709133744239807, 0.5813105702400208, 0.5948386192321777, 0.5885271430015564, 0.585772693157196, 0.5944087505340576, 0.623723030090332, 0.6112660765647888, 0.6688874959945679, 0.6474297642707825, 0.6513546705245972, 0.6791147589683533, 0.6970699429512024, 0.6987339854240417, 0.7669089436531067, 0.7677235007286072, 0.8124557733535767, 0.7625979781150818, 0.8151786923408508, 0.797558605670929, 0.8572640419006348, 0.8723790049552917, 0.8600170016288757, 0.8760711550712585, 0.90204918384552, 0.8949101567268372, 0.9092379808425903, 0.9368715286254883, 0.9467583894729614, 0.9463425874710083, 0.9955033659934998, 1.0567861795425415, 0.9633527398109436, 0.9888597726821899, 1.0053722858428955, 1.014725923538208, 1.0316592454910278, 1.0112074613571167, 1.070634126663208, 1.0590083599090576, 1.084371566772461, 1.086384892463684, 1.0936387777328491, 1.070615291595459, 1.1278603076934814, 1.1455868482589722, 1.1206578016281128, 1.11043119430542, 1.1528440713882446, 1.0983002185821533, 1.1378110647201538, 1.164701223373413, 1.1938982009887695, 1.1748160123825073, 1.2038400173187256, 1.2125818729400635, 1.2356871366500854, 1.235857605934143, 1.2264149188995361, 1.2527395486831665, 1.2198408842086792, 1.2750165462493896, 1.2295277118682861, 1.2771717309951782, 1.282575011253357, 1.3106663227081299, 1.211666464805603, 1.3668588399887085, 1.3974298238754272, 1.313755989074707, 1.3348863124847412, 1.3102607727050781, 1.2354906797409058, 1.3428163528442383, 1.3500878810882568, 1.346107006072998, 1.4510632753372192, 1.411874532699585, 1.3503130674362183, 1.3943071365356445, 1.4031920433044434, 1.4109512567520142, 1.4264737367630005, 1.4306024312973022],