{"loss": [1.3234920501708984, 1.0900065898895264, 0.8772152662277222, 0.7603239417076111, 0.6870704889297485, 0.6345487236976624, 0.5966705083847046, 0.5691116452217102, 0.5427690744400024, 0.5152341723442078, 0.49135622382164, 0.4741421937942505, 0.44801774621009827, 0.4363437294960022, 0.4186994135379791, 0.3962961435317993, 0.38434329628944397, 0.35713472962379456, 0.3354067802429199, 0.3356238901615143, 0.30303651094436646, 0.2908982038497925, 0.2742129862308502, 0.25987476110458374, 0.2484988123178482, 0.22511893510818481, 0.2270897924900055, 0.2111281007528305, 0.19377022981643677, 0.17550916969776154, 0.17151834070682526, 0.1615208089351654, 0.16277852654457092, 0.15994036197662354, 0.14588896930217743, 0.1409021019935608, 0.12848274409770966, 0.1096072643995285, 0.12356095761060715, 0.11034975945949554, 0.09795574843883514, 0.09118270874023438, 0.08887287974357605, 0.08210808038711548, 0.07824637740850449, 0.07436713576316833, 0.06690116226673126, 0.061170462518930435, 0.06317810714244843, 0.05529588460922241, 0.05513548478484154, 0.05612606182694435], "accuracy": [0.35915178060531616, 0.5825892686843872, 0.6705357432365417, 0.7060267925262451, 0.7294642925262451, 0.7517856955528259, 0.7618303298950195, 0.776562511920929, 0.7890625, 0.8051339387893677, 0.8162946701049805, 0.8218749761581421, 0.8352678418159485, 0.8383928537368774, 0.8448660969734192, 0.8560267686843872, 0.8566964268684387, 0.8674107193946838, 0.875, 0.8758928775787354, 0.8904017806053162, 0.8941964507102966, 0.9037946462631226, 0.9073660969734192, 0.9111607074737549, 0.9232142567634583, 0.917187511920929, 0.9279018044471741, 0.932812511920929, 0.9441964030265808, 0.9419642686843872, 0.9479910731315613, 0.9415178298950195, 0.9419642686843872, 0.9497767686843872, 0.9529017806053162, 0.956250011920929, 0.9629464149475098, 0.9584821462631226, 0.9624999761581421, 0.9714285731315613, 0.9745535850524902, 0.9723214507102966, 0.9765625, 0.9761160612106323, 0.9785714149475098, 0.9785714149475098, 0.9823660850524902, 0.9810267686843872, 0.984375, 0.9841517806053162, 0.9823660850524902], "val_loss": [1.1996351480484009, 0.9187572002410889, 0.7760718464851379, 0.711464524269104, 0.6778773069381714, 0.6429898142814636, 0.6231449246406555, 0.6104304790496826, 0.5841907858848572, 0.5735435485839844, 0.5583828091621399, 0.5361757874488831, 0.5255155563354492, 0.520400881767273, 0.4908533990383148, 0.4847237169742584, 0.4626896381378174, 0.45076867938041687, 0.4848242700099945, 0.43802332878112793, 0.41569507122039795, 0.4221896827220917, 0.4151206910610199, 0.41518107056617737, 0.4046960771083832, 0.42302218079566956, 0.4178592562675476, 0.3871504068374634, 0.3847256898880005, 0.3708825707435608, 0.37041276693344116, 0.3640151023864746, 0.4056897759437561, 0.4001917839050293, 0.39503559470176697, 0.384641170501709, 0.37769660353660583, 0.38927584886550903, 0.36066290736198425, 0.3796977698802948, 0.3600465953350067, 0.35444843769073486, 0.37862393260002136, 0.4030657708644867, 0.3687891662120819, 0.36689090728759766, 0.38060471415519714, 0.37929072976112366, 0.4015747606754303, 0.4218176603317261, 0.38523241877555847, 0.37848618626594543], "val_accuracy": [0.5669642686843872, 0.6633928418159485, 0.6767857074737549, 0.6982142925262451, 0.7232142686843872, 0.7419642806053162, 0.7535714507102966, 0.7642857432365417, 0.7714285850524902, 0.7732142806053162, 0.768750011920929, 0.7919642925262451, 0.7928571701049805, 0.7955357432365417, 0.8107143044471741, 0.8133928775787354, 0.8205357193946838, 0.8303571343421936, 0.8196428418159485, 0.8339285850524902, 0.8428571224212646, 0.8491071462631226, 0.8455356955528259, 0.8500000238418579, 0.856249988079071, 0.8464285731315613, 0.8517857193946838, 0.8633928298950195, 0.8669642806053162, 0.8660714030265808, 0.8705357313156128, 0.8705357313156128, 0.8598214387893677, 0.8598214387893677, 0.8598214387893677, 0.8723214268684387, 0.8758928775787354, 0.8741071224212646, 0.8705357313156128, 0.8678571581840515, 0.8758928775787354, 0.8767856955528259, 0.8821428418159485, 0.8767856955528259, 0.8830357193946838, 0.893750011920929, 0.8848214149475098, 0.8767856955528259, 0.8857142925262451, 0.8794642686843872, 0.8866071701049805, 0.893750011920929]}