{"loss": [1.3558539152145386, 1.178600788116455, 0.9475674033164978, 0.8232241272926331, 0.751060962677002, 0.6948912739753723, 0.6611031889915466, 0.6287317872047424, 0.6095208525657654, 0.5827609896659851, 0.5650113224983215, 0.5506590604782104, 0.5251243710517883, 0.5112596750259399, 0.4958164095878601, 0.4767346978187561, 0.4670029878616333, 0.44680237770080566, 0.43642738461494446, 0.44032204151153564, 0.4128987789154053, 0.40293800830841064, 0.3844608664512634, 0.3657352924346924, 0.3629644811153412, 0.3503587245941162, 0.34067896008491516, 0.3321164846420288, 0.3156692087650299, 0.3017008900642395, 0.28588438034057617, 0.27392953634262085, 0.27375853061676025, 0.2620551884174347, 0.2481170892715454, 0.24498535692691803, 0.2250628024339676, 0.21388037502765656, 0.2155870795249939, 0.20665165781974792, 0.1879684031009674, 0.18606449663639069, 0.17725738883018494, 0.16600985825061798, 0.16309475898742676, 0.15488015115261078, 0.14399860799312592, 0.140145406126976, 0.13812610507011414, 0.13751308619976044, 0.13817456364631653, 0.12105591595172882, 0.11615043133497238, 0.10104752331972122, 0.09676746279001236, 0.10427094250917435, 0.09775956720113754, 0.08750085532665253, 0.08368387818336487, 0.08022201061248779, 0.07993119210004807, 0.07511511445045471, 0.07052464038133621, 0.07565698772668839, 0.0722409263253212, 0.07542109489440918], "accuracy": [0.3801339268684387, 0.5459821224212646, 0.6426339149475098, 0.6910714507102966, 0.7098214030265808, 0.7334821224212646, 0.7381696701049805, 0.753125011920929, 0.7566964030265808, 0.7700892686843872, 0.7819196581840515, 0.7935267686843872, 0.796875, 0.8037946224212646, 0.8138392567634583, 0.8216517567634583, 0.8252232074737549, 0.8332589268684387, 0.8339285850524902, 0.8325892686843872, 0.8446428775787354, 0.8506696224212646, 0.8526785969734192, 0.8633928298950195, 0.859375, 0.8696428537368774, 0.8707589507102966, 0.8810268044471741, 0.8841517567634583, 0.8870535492897034, 0.8982142806053162, 0.9020089507102966, 0.9053571224212646, 0.9107142686843872, 0.9107142686843872, 0.9147321581840515, 0.9258928298950195, 0.9294642806053162, 0.9267857074737549, 0.9261160492897034, 0.9370535612106323, 0.9375, 0.9386160969734192, 0.9437500238418579, 0.9446428418159485, 0.9515625238418579, 0.9495535492897034, 0.9537946581840515, 0.9558035731315613, 0.9540178775787354, 0.9511160850524902, 0.9638392925262451, 0.9631696343421936, 0.9676339030265808, 0.9729910492897034, 0.9649553298950195, 0.96875, 0.9736607074737549, 0.9770089387893677, 0.9750000238418579, 0.9767857193946838, 0.9763392806053162, 0.9785714149475098, 0.9770089387893677, 0.9761160612106323, 0.9758928418159485], "val_loss": [1.2811769247055054, 1.0248823165893555, 0.8426536321640015, 0.7671321034431458, 0.7282441258430481, 0.694294810295105, 0.6741930246353149, 0.6749228835105896, 0.6330064535140991, 0.6257244944572449, 0.6023377776145935, 0.5963506698608398, 0.5869073867797852, 0.5634320974349976, 0.5571689605712891, 0.5514459609985352, 0.5305814743041992, 0.5263234376907349, 0.5639609694480896, 0.5130307078361511, 0.5068995952606201, 0.49509352445602417, 0.4762713313102722, 0.4848542809486389, 0.4670623242855072, 0.4677312672138214, 0.5044221878051758, 0.4447007477283478, 0.4443538188934326, 0.41781115531921387, 0.41939038038253784, 0.40574637055397034, 0.40030336380004883, 0.39661771059036255, 0.4052063822746277, 0.3864534795284271, 0.3943276107311249, 0.40390458703041077, 0.39006179571151733, 0.3670467734336853, 0.36824631690979004, 0.37039780616760254, 0.3654920160770416, 0.3932020366191864, 0.35625091195106506, 0.37371647357940674, 0.3630581498146057, 0.3757525384426117, 0.37891143560409546, 0.4788437485694885, 0.4010944962501526, 0.36392518877983093, 0.3753456473350525, 0.3507423996925354, 0.36720114946365356, 0.3453581929206848, 0.37992408871650696, 0.3789149820804596, 0.35988762974739075, 0.40640637278556824, 0.36647829413414, 0.3677026331424713, 0.3801712095737457, 0.3705613613128662, 0.4169381558895111, 0.3877648115158081], "val_accuracy": [0.38303571939468384, 0.6428571343421936, 0.668749988079071, 0.6973214149475098, 0.699999988079071, 0.7124999761581421, 0.7383928298950195, 0.7267857193946838, 0.7517856955528259, 0.7580357193946838, 0.7696428298950195, 0.768750011920929, 0.7642857432365417, 0.7803571224212646, 0.7839285731315613, 0.7955357432365417, 0.7991071343421936, 0.8026785850524902, 0.7767857313156128, 0.7928571701049805, 0.8008928298950195, 0.8053571581840515, 0.8142856955528259, 0.8142856955528259, 0.8241071701049805, 0.8258928656578064, 0.8053571581840515, 0.8374999761581421, 0.8348214030265808, 0.8473214507102966, 0.8410714268684387, 0.8526785969734192, 0.856249988079071, 0.8553571701049805, 0.8535714149475098, 0.8696428537368774, 0.8660714030265808, 0.8482142686843872, 0.8669642806053162, 0.8741071224212646, 0.8660714030265808, 0.8732143044471741, 0.8785714507102966, 0.875, 0.8794642686843872, 0.8803571462631226, 0.8803571462631226, 0.8821428418159485, 0.8696428537368774, 0.856249988079071, 0.8669642806053162, 0.8848214149475098, 0.8901785612106323, 0.8812500238418579, 0.893750011920929, 0.8812500238418579, 0.8848214149475098, 0.8883928656578064, 0.8883928656578064, 0.8776785731315613, 0.8857142925262451, 0.8821428418159485, 0.8758928775787354, 0.8821428418159485, 0.8830357193946838, 0.8767856955528259]}