{"loss": [0.9534801840782166, 0.5724005103111267, 0.42807552218437195, 0.3496350646018982, 0.2847171723842621, 0.25355255603790283, 0.1960296630859375, 0.14388489723205566, 0.11349859833717346, 0.1278415024280548, 0.08773794770240784, 0.06331133842468262, 0.054794300347566605, 0.04254273697733879, 0.044098805636167526, 0.04618968814611435, 0.04245797172188759, 0.028033610433340073], "accuracy": [0.6138392686843872, 0.7743303775787354, 0.8415178656578064, 0.8683035969734192, 0.8941964507102966, 0.9044643044471741, 0.926562488079071, 0.9464285969734192, 0.9571428298950195, 0.9535714387893677, 0.9689732193946838, 0.9792410731315613, 0.9805803298950195, 0.9883928298950195, 0.9850446581840515, 0.9863839149475098, 0.9857142567634583, 0.9928571581840515], "val_loss": [0.6258977651596069, 0.5054029226303101, 0.44922152161598206, 0.43081679940223694, 0.38328948616981506, 0.38658279180526733, 0.35543304681777954, 0.3550530970096588, 0.4025784730911255, 0.4108331799507141, 0.3765299916267395, 0.3951871991157532, 0.4265269935131073, 0.46583741903305054, 0.4675471782684326, 0.49416470527648926, 0.45421209931373596, 0.5080315470695496], "val_accuracy": [0.7562500238418579, 0.7919642925262451, 0.824999988079071, 0.8267857432365417, 0.8508928418159485, 0.8508928418159485, 0.8544642925262451, 0.862500011920929, 0.8544642925262451, 0.8589285612106323, 0.8741071224212646, 0.8705357313156128, 0.8714285492897034, 0.8598214387893677, 0.8758928775787354, 0.8660714030265808, 0.8723214268684387, 0.8705357313156128]}