{"loss": [1.0648937225341797, 0.6141355037689209, 0.45828425884246826, 0.37389707565307617, 0.3081110417842865, 0.2590579688549042, 0.2141370177268982, 0.18903230130672455, 0.1499544233083725, 0.13369916379451752, 0.11602547764778137, 0.08637281507253647, 0.07866716384887695, 0.07383648306131363, 0.0593847893178463, 0.05085769295692444, 0.05973058566451073], "accuracy": [0.5705357193946838, 0.7651785612106323, 0.828125, 0.8529017567634583, 0.8839285969734192, 0.9026785492897034, 0.9241071343421936, 0.9308035969734192, 0.9446428418159485, 0.9482142925262451, 0.9595982432365417, 0.9703124761581421, 0.973437488079071, 0.9743303656578064, 0.9787946343421936, 0.9830357432365417, 0.9767857193946838], "val_loss": [0.6306712627410889, 0.4949524402618408, 0.42755451798439026, 0.4127345085144043, 0.4055367410182953, 0.417501300573349, 0.38782963156700134, 0.40361645817756653, 0.38951730728149414, 0.39482584595680237, 0.39333128929138184, 0.4301776885986328, 0.4573330879211426, 0.41306740045547485, 0.45093023777008057, 0.5676316022872925, 0.44504600763320923], "val_accuracy": [0.7651785612106323, 0.8196428418159485, 0.8383928537368774, 0.8473214507102966, 0.8464285731315613, 0.8571428656578064, 0.856249988079071, 0.8696428537368774, 0.8732143044471741, 0.8758928775787354, 0.8767856955528259, 0.8803571462631226, 0.875, 0.8857142925262451, 0.8830357193946838, 0.8580357432365417, 0.8901785612106323]}