{"loss": [1.0929405689239502, 0.7659274935722351, 0.632491409778595, 0.5633252263069153, 0.517009973526001, 0.4472852945327759, 0.4078247845172882, 0.3524608910083771, 0.30822524428367615, 0.2885802984237671, 0.25748997926712036, 0.2209262251853943, 0.17742981016635895, 0.15756721794605255, 0.15658359229564667, 0.1268128603696823, 0.09347852319478989, 0.0764201283454895], "accuracy": [0.5542410612106323, 0.690625011920929, 0.7484375238418579, 0.7723214030265808, 0.7941964268684387, 0.8263393044471741, 0.8397321701049805, 0.8629464507102966, 0.8841517567634583, 0.8879464268684387, 0.9013392925262451, 0.9205357432365417, 0.9359375238418579, 0.9417410492897034, 0.9457589387893677, 0.953125, 0.9700892567634583, 0.9756696224212646], "val_loss": [0.7490638494491577, 0.6671825051307678, 0.6324390769004822, 0.6040600538253784, 0.5640342831611633, 0.568894624710083, 0.564608097076416, 0.541384220123291, 0.5645997524261475, 0.5566061735153198, 0.6284099221229553, 0.6102638244628906, 0.6327332854270935, 0.6875908374786377, 0.7434423565864563, 0.7138661742210388, 0.8028336763381958, 0.8395001292228699], "val_accuracy": [0.706250011920929, 0.7357142567634583, 0.7508928775787354, 0.7589285969734192, 0.7776785492897034, 0.7741071581840515, 0.7758928537368774, 0.7749999761581421, 0.7785714268684387, 0.7991071343421936, 0.7919642925262451, 0.7982142567634583, 0.7794643044471741, 0.7857142686843872, 0.7821428775787354, 0.7901785969734192, 0.7946428656578064, 0.7973214387893677]}