{"loss": [1.0298216342926025, 0.716690719127655, 0.5950180292129517, 0.526885449886322, 0.47116634249687195, 0.3964410424232483, 0.35476014018058777, 0.3272840976715088, 0.27900946140289307, 0.2300858348608017, 0.18747258186340332, 0.1600387543439865, 0.13773810863494873, 0.12713919579982758, 0.10130535066127777, 0.08743557333946228, 0.07031895965337753, 0.058065999299287796, 0.07376059889793396], "accuracy": [0.5698660612106323, 0.7145089507102966, 0.7571428418159485, 0.7908481955528259, 0.8196428418159485, 0.8430803418159485, 0.8609374761581421, 0.8774553537368774, 0.8966518044471741, 0.9127232432365417, 0.9319196343421936, 0.9441964030265808, 0.9526785612106323, 0.9553571343421936, 0.9660714268684387, 0.9698660969734192, 0.9783481955528259, 0.9810267686843872, 0.971875011920929], "val_loss": [0.8101124167442322, 0.6532895565032959, 0.5964154601097107, 0.5969089865684509, 0.5536308288574219, 0.534761905670166, 0.5675806403160095, 0.503770112991333, 0.4848169684410095, 0.5329810976982117, 0.4964079260826111, 0.557719349861145, 0.5693444013595581, 0.6234962344169617, 0.5685511231422424, 0.6685007214546204, 0.6366353631019592, 0.6922041177749634, 0.6759985685348511], "val_accuracy": [0.6723214387893677, 0.7285714149475098, 0.7473214268684387, 0.7562500238418579, 0.7830356955528259, 0.7758928537368774, 0.7723214030265808, 0.8080357313156128, 0.8107143044471741, 0.800000011920929, 0.8223214149475098, 0.8089285492897034, 0.8258928656578064, 0.7973214387893677, 0.8321428298950195, 0.8205357193946838, 0.8276785612106323, 0.8062499761581421, 0.8258928656578064]}