{"loss": [1.016525149345398, 0.5825823545455933, 0.4327356517314911, 0.35914158821105957, 0.2864055931568146, 0.23278743028640747, 0.18494072556495667, 0.16081273555755615, 0.12993592023849487, 0.10076989233493805, 0.0975646823644638, 0.06864136457443237, 0.06626182049512863, 0.05294717848300934, 0.04936579242348671, 0.04549005627632141, 0.03297026455402374], "accuracy": [0.5819196701049805, 0.7707589268684387, 0.8287946581840515, 0.8607142567634583, 0.8912946581840515, 0.9107142686843872, 0.9354910850524902, 0.9404017925262451, 0.9544642567634583, 0.9678571224212646, 0.9683035612106323, 0.9803571701049805, 0.9783481955528259, 0.9832589030265808, 0.984375, 0.9841517806053162, 0.9899553656578064], "val_loss": [0.6157277226448059, 0.48680877685546875, 0.4518405795097351, 0.4253849685192108, 0.3840353786945343, 0.38603243231773376, 0.3714239001274109, 0.3964082896709442, 0.3895350694656372, 0.38333627581596375, 0.38057756423950195, 0.412290096282959, 0.44169187545776367, 0.45645028352737427, 0.46568724513053894, 0.4966184198856354, 0.4830922782421112], "val_accuracy": [0.7553571462631226, 0.824999988079071, 0.8241071701049805, 0.8285714387893677, 0.8544642925262451, 0.8526785969734192, 0.8705357313156128, 0.8535714149475098, 0.8696428537368774, 0.8758928775787354, 0.8741071224212646, 0.8669642806053162, 0.8839285969734192, 0.8741071224212646, 0.8812500238418579, 0.8714285492897034, 0.8741071224212646]}