{"loss": [0.8730417490005493, 0.5209928750991821, 0.38961824774742126, 0.31496429443359375, 0.2514011859893799, 0.2013392448425293, 0.1652107685804367, 0.13971377909183502, 0.11068753898143768, 0.10085003077983856, 0.1102159395813942, 0.07112053781747818, 0.06368064135313034, 0.05399220809340477, 0.033201172947883606, 0.027936315163969994, 0.024624794721603394, 0.036991190165281296], "accuracy": [0.6491071581840515, 0.7993303537368774, 0.8549107313156128, 0.8805803656578064, 0.9080356955528259, 0.9274553656578064, 0.9408482313156128, 0.9466517567634583, 0.9584821462631226, 0.9624999761581421, 0.9604910612106323, 0.9767857193946838, 0.9787946343421936, 0.9819196462631226, 0.9906250238418579, 0.9904018044471741, 0.9912946224212646, 0.9854910969734192], "val_loss": [0.5973495244979858, 0.49071115255355835, 0.42522114515304565, 0.42959117889404297, 0.38005682826042175, 0.3421202003955841, 0.3452550768852234, 0.3331460952758789, 0.3602169454097748, 0.373240202665329, 0.33359286189079285, 0.39168068766593933, 0.3616432547569275, 0.3855838179588318, 0.4224752187728882, 0.3991396427154541, 0.46306049823760986, 0.415473610162735], "val_accuracy": [0.7562500238418579, 0.7866071462631226, 0.8276785612106323, 0.8160714507102966, 0.8491071462631226, 0.8651785850524902, 0.8705357313156128, 0.8785714507102966, 0.8651785850524902, 0.8705357313156128, 0.8812500238418579, 0.8767856955528259, 0.8857142925262451, 0.8767856955528259, 0.8901785612106323, 0.8857142925262451, 0.8883928656578064, 0.8955357074737549]}