{"loss": [1.0705089569091797, 0.6233950257301331, 0.46181777119636536, 0.37589454650878906, 0.31083881855010986, 0.26813533902168274, 0.21579885482788086, 0.18938636779785156, 0.14840736985206604, 0.12049763649702072, 0.11394904553890228, 0.08828519284725189, 0.07853095978498459, 0.07231295853853226, 0.07015470415353775, 0.042800262570381165], "accuracy": [0.5638392567634583, 0.7620535492897034, 0.8272321224212646, 0.8587053418159485, 0.8821428418159485, 0.8995535969734192, 0.9220982193946838, 0.9290178418159485, 0.9473214149475098, 0.957812488079071, 0.9600446224212646, 0.96875, 0.9743303656578064, 0.9761160612106323, 0.9765625, 0.9852678775787354], "val_loss": [0.646061897277832, 0.5061088800430298, 0.4496748745441437, 0.41656041145324707, 0.3924545645713806, 0.3829728662967682, 0.3857610821723938, 0.39333847165107727, 0.3869796395301819, 0.4046696424484253, 0.4383049011230469, 0.4453764259815216, 0.4538952708244324, 0.47413110733032227, 0.44057708978652954, 0.4797704517841339], "val_accuracy": [0.7464285492897034, 0.8116071224212646, 0.8285714387893677, 0.84375, 0.8500000238418579, 0.8607142567634583, 0.8580357432365417, 0.8598214387893677, 0.8678571581840515, 0.875, 0.8705357313156128, 0.8741071224212646, 0.8714285492897034, 0.8785714507102966, 0.8910714387893677, 0.8803571462631226]}